meeting,start,end,speaker,duration,split
EN2001a,1.5,9.0,Speaker_4,7.5,TRAIN
EN2001a,9.0,18.0,Speaker_2,9.0,TRAIN
EN2001a,18.0,24.0,Speaker_4,6.0,TRAIN
EN2001a,24.0,30.0,Speaker_2,6.0,TRAIN
EN2001a,30.0,39.0,Speaker_1,9.0,TRAIN
EN2001a,39.0,48.0,Speaker_2,9.0,TRAIN
EN2001a,48.0,54.0,Speaker_4,6.0,TRAIN
EN2001a,54.0,63.0,Speaker_2,9.0,TRAIN
EN2001a,63.0,69.0,Speaker_4,6.0,TRAIN
EN2001a,69.0,75.0,Speaker_2,6.0,TRAIN
EN2001a,75.0,84.0,Speaker_1,9.0,TRAIN
EN2001a,85.5,99.0,Speaker_0,13.5,TRAIN
EN2001a,99.0,108.0,Speaker_2,9.0,TRAIN
EN2001a,108.0,114.0,Speaker_4,6.0,TRAIN
EN2001a,114.0,196.5,Speaker_2,82.5,TRAIN
EN2001a,196.5,202.5,Speaker_4,6.0,TRAIN
EN2001a,204.0,211.5,Speaker_0,7.5,TRAIN
EN2001a,211.5,225.0,Speaker_3,13.5,TRAIN
EN2001a,225.0,247.5,Speaker_1,22.5,TRAIN
EN2001a,249.0,258.0,Speaker_2,9.0,TRAIN
EN2001a,258.0,264.0,Speaker_4,6.0,TRAIN
EN2001a,264.0,271.5,Speaker_2,7.5,TRAIN
EN2001a,271.5,279.0,Speaker_4,7.5,TRAIN
EN2001a,279.0,300.0,Speaker_2,21.0,TRAIN
EN2001a,300.0,309.0,Speaker_1,9.0,TRAIN
EN2001a,309.0,330.0,Speaker_2,21.0,TRAIN
EN2001a,330.0,339.0,Speaker_1,9.0,TRAIN
EN2001a,339.0,346.5,Speaker_2,7.5,TRAIN
EN2001a,346.5,354.0,Speaker_4,7.5,TRAIN
EN2001a,354.0,360.0,Speaker_2,6.0,TRAIN
EN2001a,360.0,369.0,Speaker_1,9.0,TRAIN
EN2001a,369.0,376.5,Speaker_2,7.5,TRAIN
EN2001a,376.5,384.0,Speaker_4,7.5,TRAIN
EN2001a,384.0,390.0,Speaker_2,6.0,TRAIN
EN2001a,390.0,399.0,Speaker_1,9.0,TRAIN
EN2001a,399.0,408.0,Speaker_2,9.0,TRAIN
EN2001a,408.0,429.0,Speaker_4,21.0,TRAIN
EN2001a,429.0,438.0,Speaker_2,9.0,TRAIN
EN2001a,438.0,444.0,Speaker_4,6.0,TRAIN
EN2001a,444.0,451.5,Speaker_2,7.5,TRAIN
EN2001a,451.5,474.0,Speaker_4,22.5,TRAIN
EN2001a,474.0,481.5,Speaker_2,7.5,TRAIN
EN2001a,481.5,489.0,Speaker_4,7.5,TRAIN
EN2001a,489.0,495.0,Speaker_2,6.0,TRAIN
EN2001a,495.0,504.0,Speaker_1,9.0,TRAIN
EN2001a,504.0,519.0,Speaker_2,15.0,TRAIN
EN2001a,519.0,556.5,Speaker_0,37.5,TRAIN
EN2001a,556.5,564.0,Speaker_4,7.5,TRAIN
EN2001a,564.0,573.0,Speaker_2,9.0,TRAIN
EN2001a,573.0,579.0,Speaker_4,6.0,TRAIN
EN2001a,579.0,585.0,Speaker_2,6.0,TRAIN
EN2001a,585.0,594.0,Speaker_1,9.0,TRAIN
EN2001a,594.0,600.0,Speaker_2,6.0,TRAIN
EN2001a,600.0,609.0,Speaker_1,9.0,TRAIN
EN2001a,609.0,615.0,Speaker_2,6.0,TRAIN
EN2001a,615.0,624.0,Speaker_1,9.0,TRAIN
EN2001a,624.0,636.0,Speaker_2,12.0,TRAIN
EN2001a,640.5,646.5,Speaker_0,6.0,TRAIN
EN2001a,646.5,661.5,Speaker_3,15.0,TRAIN
EN2001a,661.5,669.0,Speaker_4,7.5,TRAIN
EN2001a,669.0,676.5,Speaker_0,7.5,TRAIN
EN2001a,676.5,684.0,Speaker_4,7.5,TRAIN
EN2001a,684.0,705.0,Speaker_2,21.0,TRAIN
EN2001a,706.5,714.0,Speaker_4,7.5,TRAIN
EN2001a,714.0,720.0,Speaker_2,6.0,TRAIN
EN2001a,721.5,738.0,Speaker_3,16.5,TRAIN
EN2001a,738.0,759.0,Speaker_4,21.0,TRAIN
EN2001a,759.0,768.0,Speaker_2,9.0,TRAIN
EN2001a,768.0,774.0,Speaker_4,6.0,TRAIN
EN2001a,774.0,781.5,Speaker_2,7.5,TRAIN
EN2001a,781.5,789.0,Speaker_4,7.5,TRAIN
EN2001a,789.0,828.0,Speaker_2,39.0,TRAIN
EN2001a,828.0,834.0,Speaker_4,6.0,TRAIN
EN2001a,834.0,841.5,Speaker_2,7.5,TRAIN
EN2001a,841.5,849.0,Speaker_4,7.5,TRAIN
EN2001a,849.0,856.5,Speaker_2,7.5,TRAIN
EN2001a,858.0,868.5,Speaker_3,10.5,TRAIN
EN2001a,870.0,879.0,Speaker_1,9.0,TRAIN
EN2001a,879.0,894.0,Speaker_2,15.0,TRAIN
EN2001a,894.0,903.0,Speaker_0,9.0,TRAIN
EN2001a,903.0,909.0,Speaker_3,6.0,TRAIN
EN2001a,909.0,924.0,Speaker_0,15.0,TRAIN
EN2001a,924.0,933.0,Speaker_2,9.0,TRAIN
EN2001a,933.0,939.0,Speaker_4,6.0,TRAIN
EN2001a,939.0,948.0,Speaker_2,9.0,TRAIN
EN2001a,948.0,954.0,Speaker_4,6.0,TRAIN
EN2001a,954.0,976.5,Speaker_2,22.5,TRAIN
EN2001a,976.5,984.0,Speaker_1,7.5,TRAIN
EN2001a,984.0,990.0,Speaker_2,6.0,TRAIN
EN2001a,990.0,997.5,Speaker_1,7.5,TRAIN
EN2001a,999.0,1008.0,Speaker_2,9.0,TRAIN
EN2001a,1008.0,1014.0,Speaker_4,6.0,TRAIN
EN2001a,1014.0,1020.0,Speaker_2,6.0,TRAIN
EN2001a,1020.0,1029.0,Speaker_1,9.0,TRAIN
EN2001a,1029.0,1051.5,Speaker_2,22.5,TRAIN
EN2001a,1053.0,1074.0,Speaker_4,21.0,TRAIN
EN2001a,1074.0,1080.0,Speaker_2,6.0,TRAIN
EN2001a,1081.5,1089.0,Speaker_4,7.5,TRAIN
EN2001a,1089.0,1098.0,Speaker_2,9.0,TRAIN
EN2001a,1098.0,1104.0,Speaker_4,6.0,TRAIN
EN2001a,1104.0,1113.0,Speaker_2,9.0,TRAIN
EN2001a,1113.0,1134.0,Speaker_4,21.0,TRAIN
EN2001a,1134.0,1143.0,Speaker_2,9.0,TRAIN
EN2001a,1143.0,1164.0,Speaker_4,21.0,TRAIN
EN2001a,1164.0,1176.0,Speaker_2,12.0,TRAIN
EN2001a,1180.5,1206.0,Speaker_0,25.5,TRAIN
EN2001a,1209.0,1216.5,Speaker_2,7.5,TRAIN
EN2001a,1216.5,1224.0,Speaker_4,7.5,TRAIN
EN2001a,1224.0,1231.5,Speaker_2,7.5,TRAIN
EN2001a,1231.5,1239.0,Speaker_4,7.5,TRAIN
EN2001a,1239.0,1248.0,Speaker_2,9.0,TRAIN
EN2001a,1248.0,1254.0,Speaker_4,6.0,TRAIN
EN2001a,1254.0,1261.5,Speaker_0,7.5,TRAIN
EN2001a,1261.5,1293.0,Speaker_3,31.5,TRAIN
EN2001a,1293.0,1314.0,Speaker_4,21.0,TRAIN
EN2001a,1314.0,1320.0,Speaker_2,6.0,TRAIN
EN2001a,1321.5,1329.0,Speaker_4,7.5,TRAIN
EN2001a,1329.0,1335.0,Speaker_2,6.0,TRAIN
EN2001a,1335.0,1344.0,Speaker_1,9.0,TRAIN
EN2001a,1344.0,1350.0,Speaker_2,6.0,TRAIN
EN2001a,1350.0,1359.0,Speaker_1,9.0,TRAIN
EN2001a,1359.0,1366.5,Speaker_2,7.5,TRAIN
EN2001a,1366.5,1374.0,Speaker_4,7.5,TRAIN
EN2001a,1374.0,1380.0,Speaker_2,6.0,TRAIN
EN2001a,1380.0,1389.0,Speaker_1,9.0,TRAIN
EN2001a,1389.0,1395.0,Speaker_2,6.0,TRAIN
EN2001a,1395.0,1413.0,Speaker_1,18.0,TRAIN
EN2001a,1413.0,1419.0,Speaker_4,6.0,TRAIN
EN2001a,1419.0,1443.0,Speaker_2,24.0,TRAIN
EN2001a,1443.0,1449.0,Speaker_4,6.0,TRAIN
EN2001a,1449.0,1458.0,Speaker_2,9.0,TRAIN
EN2001a,1458.0,1479.0,Speaker_4,21.0,TRAIN
EN2001a,1479.0,1501.5,Speaker_2,22.5,TRAIN
EN2001a,1501.5,1509.0,Speaker_4,7.5,TRAIN
EN2001a,1509.0,1516.5,Speaker_2,7.5,TRAIN
EN2001a,1516.5,1524.0,Speaker_4,7.5,TRAIN
EN2001a,1524.0,1533.0,Speaker_2,9.0,TRAIN
EN2001a,1533.0,1539.0,Speaker_4,6.0,TRAIN
EN2001a,1539.0,1560.0,Speaker_2,21.0,TRAIN
EN2001a,1560.0,1569.0,Speaker_1,9.0,TRAIN
EN2001a,1569.0,1591.5,Speaker_2,22.5,TRAIN
EN2001a,1591.5,1599.0,Speaker_4,7.5,TRAIN
EN2001a,1599.0,1620.0,Speaker_2,21.0,TRAIN
EN2001a,1621.5,1629.0,Speaker_3,7.5,TRAIN
EN2001a,1629.0,1644.0,Speaker_0,15.0,TRAIN
EN2001a,1644.0,1665.0,Speaker_2,21.0,TRAIN
EN2001a,1665.0,1672.5,Speaker_1,7.5,TRAIN
EN2001a,1674.0,1683.0,Speaker_0,9.0,TRAIN
EN2001a,1683.0,1689.0,Speaker_3,6.0,TRAIN
EN2001a,1689.0,1696.5,Speaker_0,7.5,TRAIN
EN2001a,1696.5,1719.0,Speaker_3,22.5,TRAIN
EN2001a,1719.0,1725.0,Speaker_2,6.0,TRAIN
EN2001a,1726.5,1744.5,Speaker_4,18.0,TRAIN
EN2001a,1749.0,1758.0,Speaker_2,9.0,TRAIN
EN2001a,1758.0,1764.0,Speaker_4,6.0,TRAIN
EN2001a,1764.0,1770.0,Speaker_2,6.0,TRAIN
EN2001a,1771.5,1779.0,Speaker_3,7.5,TRAIN
EN2001a,1779.0,1801.5,Speaker_0,22.5,TRAIN
EN2001a,1801.5,1809.0,Speaker_3,7.5,TRAIN
EN2001a,1809.0,1816.5,Speaker_0,7.5,TRAIN
EN2001a,1816.5,1839.0,Speaker_4,22.5,TRAIN
EN2001a,1839.0,1860.0,Speaker_2,21.0,TRAIN
EN2001a,1860.0,1869.0,Speaker_1,9.0,TRAIN
EN2001a,1870.5,1876.5,Speaker_0,6.0,TRAIN
EN2001a,1876.5,1893.0,Speaker_3,16.5,TRAIN
EN2001a,1893.0,1899.0,Speaker_4,6.0,TRAIN
EN2001a,1899.0,1935.0,Speaker_2,36.0,TRAIN
EN2001a,1935.0,1944.0,Speaker_1,9.0,TRAIN
EN2001a,1944.0,1980.0,Speaker_2,36.0,TRAIN
EN2001a,1980.0,1989.0,Speaker_1,9.0,TRAIN
EN2001a,1989.0,1995.0,Speaker_2,6.0,TRAIN
EN2001a,1996.5,2004.0,Speaker_4,7.5,TRAIN
EN2001a,2004.0,2011.5,Speaker_2,7.5,TRAIN
EN2001a,2011.5,2019.0,Speaker_4,7.5,TRAIN
EN2001a,2019.0,2028.0,Speaker_2,9.0,TRAIN
EN2001a,2028.0,2034.0,Speaker_4,6.0,TRAIN
EN2001a,2034.0,2071.5,Speaker_2,37.5,TRAIN
EN2001a,2073.0,2079.0,Speaker_4,6.0,TRAIN
EN2001a,2079.0,2085.0,Speaker_2,6.0,TRAIN
EN2001a,2085.0,2094.0,Speaker_1,9.0,TRAIN
EN2001a,2094.0,2100.0,Speaker_2,6.0,TRAIN
EN2001a,2100.0,2107.5,Speaker_1,7.5,TRAIN
EN2001a,2109.0,2116.5,Speaker_2,7.5,TRAIN
EN2001a,2116.5,2124.0,Speaker_4,7.5,TRAIN
EN2001a,2124.0,2133.0,Speaker_2,9.0,TRAIN
EN2001a,2133.0,2139.0,Speaker_4,6.0,TRAIN
EN2001a,2139.0,2145.0,Speaker_2,6.0,TRAIN
EN2001a,2145.0,2154.0,Speaker_1,9.0,TRAIN
EN2001a,2154.0,2175.0,Speaker_2,21.0,TRAIN
EN2001a,2175.0,2184.0,Speaker_1,9.0,TRAIN
EN2001a,2184.0,2205.0,Speaker_2,21.0,TRAIN
EN2001a,2205.0,2214.0,Speaker_1,9.0,TRAIN
EN2001a,2214.0,2250.0,Speaker_2,36.0,TRAIN
EN2001a,2250.0,2259.0,Speaker_1,9.0,TRAIN
EN2001a,2259.0,2265.0,Speaker_2,6.0,TRAIN
EN2001a,2265.0,2274.0,Speaker_1,9.0,TRAIN
EN2001a,2274.0,2283.0,Speaker_2,9.0,TRAIN
EN2001a,2283.0,2289.0,Speaker_4,6.0,TRAIN
EN2001a,2289.0,2295.0,Speaker_2,6.0,TRAIN
EN2001a,2295.0,2304.0,Speaker_1,9.0,TRAIN
EN2001a,2304.0,2325.0,Speaker_2,21.0,TRAIN
EN2001a,2325.0,2334.0,Speaker_1,9.0,TRAIN
EN2001a,2334.0,2340.0,Speaker_2,6.0,TRAIN
EN2001a,2340.0,2349.0,Speaker_1,9.0,TRAIN
EN2001a,2349.0,2355.0,Speaker_2,6.0,TRAIN
EN2001a,2355.0,2364.0,Speaker_1,9.0,TRAIN
EN2001a,2364.0,2370.0,Speaker_2,6.0,TRAIN
EN2001a,2371.5,2377.5,Speaker_4,6.0,TRAIN
EN2001a,2379.0,2433.0,Speaker_2,54.0,TRAIN
EN2001a,2433.0,2439.0,Speaker_4,6.0,TRAIN
EN2001a,2439.0,2445.0,Speaker_2,6.0,TRAIN
EN2001a,2445.0,2454.0,Speaker_1,9.0,TRAIN
EN2001a,2454.0,2460.0,Speaker_2,6.0,TRAIN
EN2001a,2460.0,2476.5,Speaker_1,16.5,TRAIN
EN2001a,2478.0,2484.0,Speaker_4,6.0,TRAIN
EN2001a,2484.0,2505.0,Speaker_2,21.0,TRAIN
EN2001a,2505.0,2514.0,Speaker_1,9.0,TRAIN
EN2001a,2514.0,2520.0,Speaker_2,6.0,TRAIN
EN2001a,2520.0,2529.0,Speaker_1,9.0,TRAIN
EN2001a,2529.0,2538.0,Speaker_2,9.0,TRAIN
EN2001a,2538.0,2544.0,Speaker_4,6.0,TRAIN
EN2001a,2544.0,2565.0,Speaker_2,21.0,TRAIN
EN2001a,2565.0,2574.0,Speaker_1,9.0,TRAIN
EN2001a,2574.0,2580.0,Speaker_2,6.0,TRAIN
EN2001a,2580.0,2589.0,Speaker_1,9.0,TRAIN
EN2001a,2589.0,2598.0,Speaker_2,9.0,TRAIN
EN2001a,2598.0,2604.0,Speaker_4,6.0,TRAIN
EN2001a,2604.0,2634.0,Speaker_2,30.0,TRAIN
EN2001a,2634.0,2641.5,Speaker_0,7.5,TRAIN
EN2001a,2641.5,2649.0,Speaker_4,7.5,TRAIN
EN2001a,2649.0,2655.0,Speaker_2,6.0,TRAIN
EN2001a,2656.5,2679.0,Speaker_3,22.5,TRAIN
EN2001a,2679.0,2701.5,Speaker_2,22.5,TRAIN
EN2001a,2703.0,2709.0,Speaker_3,6.0,TRAIN
EN2001a,2709.0,2716.5,Speaker_0,7.5,TRAIN
EN2001a,2716.5,2724.0,Speaker_3,7.5,TRAIN
EN2001a,2724.0,2733.0,Speaker_0,9.0,TRAIN
EN2001a,2733.0,2740.5,Speaker_3,7.5,TRAIN
EN2001a,2740.5,2746.5,Speaker_0,6.0,TRAIN
EN2001a,2746.5,2767.5,Speaker_3,21.0,TRAIN
EN2001a,2770.5,2806.5,Speaker_2,36.0,TRAIN
EN2001a,2806.5,2812.5,Speaker_4,6.0,TRAIN
EN2001a,2814.0,2823.0,Speaker_0,9.0,TRAIN
EN2001a,2823.0,2829.0,Speaker_4,6.0,TRAIN
EN2001a,2829.0,2841.0,Speaker_2,12.0,TRAIN
EN2001a,2844.0,2851.5,Speaker_0,7.5,TRAIN
EN2001a,2851.5,2859.0,Speaker_3,7.5,TRAIN
EN2001a,2860.5,2866.5,Speaker_2,6.0,TRAIN
EN2001a,2866.5,2874.0,Speaker_4,7.5,TRAIN
EN2001a,2874.0,2895.0,Speaker_2,21.0,TRAIN
EN2001a,2895.0,2904.0,Speaker_1,9.0,TRAIN
EN2001a,2904.0,2910.0,Speaker_2,6.0,TRAIN
EN2001a,2911.5,2919.0,Speaker_4,7.5,TRAIN
EN2001a,2919.0,2928.0,Speaker_0,9.0,TRAIN
EN2001a,2928.0,2934.0,Speaker_4,6.0,TRAIN
EN2001a,2935.5,2941.5,Speaker_0,6.0,TRAIN
EN2001a,2943.0,2949.0,Speaker_4,6.0,TRAIN
EN2001a,2949.0,2958.0,Speaker_0,9.0,TRAIN
EN2001a,2958.0,2970.0,Speaker_4,12.0,TRAIN
EN2001a,2970.0,2979.0,Speaker_1,9.0,TRAIN
EN2001a,2979.0,3003.0,Speaker_0,24.0,TRAIN
EN2001a,3003.0,3009.0,Speaker_4,6.0,TRAIN
EN2001a,3009.0,3015.0,Speaker_2,6.0,TRAIN
EN2001a,3015.0,3024.0,Speaker_1,9.0,TRAIN
EN2001a,3025.5,3039.0,Speaker_0,13.5,TRAIN
EN2001a,3039.0,3045.0,Speaker_2,6.0,TRAIN
EN2001a,3045.0,3054.0,Speaker_1,9.0,TRAIN
EN2001a,3054.0,3060.0,Speaker_2,6.0,TRAIN
EN2001a,3060.0,3069.0,Speaker_1,9.0,TRAIN
EN2001a,3069.0,3075.0,Speaker_2,6.0,TRAIN
EN2001a,3075.0,3084.0,Speaker_1,9.0,TRAIN
EN2001a,3084.0,3120.0,Speaker_2,36.0,TRAIN
EN2001a,3120.0,3129.0,Speaker_1,9.0,TRAIN
EN2001a,3129.0,3136.5,Speaker_2,7.5,TRAIN
EN2001a,3136.5,3159.0,Speaker_4,22.5,TRAIN
EN2001a,3159.0,3198.0,Speaker_2,39.0,TRAIN
EN2001a,3198.0,3204.0,Speaker_4,6.0,TRAIN
EN2001a,3204.0,3210.0,Speaker_2,6.0,TRAIN
EN2001a,3210.0,3217.5,Speaker_1,7.5,TRAIN
EN2001a,3219.0,3258.0,Speaker_2,39.0,TRAIN
EN2001a,3258.0,3264.0,Speaker_4,6.0,TRAIN
EN2001a,3264.0,3270.0,Speaker_2,6.0,TRAIN
EN2001a,3270.0,3279.0,Speaker_1,9.0,TRAIN
EN2001a,3279.0,3288.0,Speaker_2,9.0,TRAIN
EN2001a,3288.0,3294.0,Speaker_4,6.0,TRAIN
EN2001a,3294.0,3318.0,Speaker_2,24.0,TRAIN
EN2001a,3318.0,3324.0,Speaker_4,6.0,TRAIN
EN2001a,3324.0,3330.0,Speaker_2,6.0,TRAIN
EN2001a,3330.0,3337.5,Speaker_1,7.5,TRAIN
EN2001a,3339.0,3346.5,Speaker_0,7.5,TRAIN
EN2001a,3346.5,3354.0,Speaker_3,7.5,TRAIN
EN2001a,3354.0,3361.5,Speaker_0,7.5,TRAIN
EN2001a,3361.5,3369.0,Speaker_3,7.5,TRAIN
EN2001a,3369.0,3376.5,Speaker_0,7.5,TRAIN
EN2001a,3376.5,3384.0,Speaker_3,7.5,TRAIN
EN2001a,3384.0,3391.5,Speaker_0,7.5,TRAIN
EN2001a,3391.5,3399.0,Speaker_4,7.5,TRAIN
EN2001a,3399.0,3408.0,Speaker_0,9.0,TRAIN
EN2001a,3408.0,3414.0,Speaker_3,6.0,TRAIN
EN2001a,3414.0,3429.0,Speaker_0,15.0,TRAIN
EN2001a,3429.0,3450.0,Speaker_2,21.0,TRAIN
EN2001a,3450.0,3459.0,Speaker_1,9.0,TRAIN
EN2001a,3460.5,3474.0,Speaker_0,13.5,TRAIN
EN2001a,3474.0,3540.0,Speaker_2,66.0,TRAIN
EN2001a,3540.0,3549.0,Speaker_1,9.0,TRAIN
EN2001a,3549.0,3556.5,Speaker_2,7.5,TRAIN
EN2001a,3556.5,3564.0,Speaker_4,7.5,TRAIN
EN2001a,3564.0,3571.5,Speaker_0,7.5,TRAIN
EN2001a,3571.5,3594.0,Speaker_4,22.5,TRAIN
EN2001a,3594.0,3600.0,Speaker_2,6.0,TRAIN
EN2001a,3600.0,3609.0,Speaker_1,9.0,TRAIN
EN2001a,3609.0,3615.0,Speaker_2,6.0,TRAIN
EN2001a,3615.0,3624.0,Speaker_1,9.0,TRAIN
EN2001a,3624.0,3630.0,Speaker_2,6.0,TRAIN
EN2001a,3630.0,3646.5,Speaker_1,16.5,TRAIN
EN2001a,3646.5,3654.0,Speaker_4,7.5,TRAIN
EN2001a,3654.0,3660.0,Speaker_2,6.0,TRAIN
EN2001a,3660.0,3669.0,Speaker_1,9.0,TRAIN
EN2001a,3669.0,3675.0,Speaker_2,6.0,TRAIN
EN2001a,3675.0,3684.0,Speaker_1,9.0,TRAIN
EN2001a,3684.0,3690.0,Speaker_2,6.0,TRAIN
EN2001a,3690.0,3699.0,Speaker_1,9.0,TRAIN
EN2001a,3699.0,3706.5,Speaker_2,7.5,TRAIN
EN2001a,3706.5,3714.0,Speaker_1,7.5,TRAIN
EN2001a,3714.0,3721.5,Speaker_2,7.5,TRAIN
EN2001a,3721.5,3727.5,Speaker_4,6.0,TRAIN
EN2001a,3729.0,3738.0,Speaker_2,9.0,TRAIN
EN2001a,3738.0,3744.0,Speaker_4,6.0,TRAIN
EN2001a,3744.0,3750.0,Speaker_2,6.0,TRAIN
EN2001a,3751.5,3759.0,Speaker_4,7.5,TRAIN
EN2001a,3759.0,3789.0,Speaker_2,30.0,TRAIN
EN2001a,3789.0,3798.0,Speaker_0,9.0,TRAIN
EN2001a,3798.0,3804.0,Speaker_4,6.0,TRAIN
EN2001a,3804.0,3840.0,Speaker_2,36.0,TRAIN
EN2001a,3840.0,3849.0,Speaker_1,9.0,TRAIN
EN2001a,3849.0,3855.0,Speaker_2,6.0,TRAIN
EN2001a,3855.0,3864.0,Speaker_1,9.0,TRAIN
EN2001a,3864.0,3873.0,Speaker_2,9.0,TRAIN
EN2001a,3873.0,3879.0,Speaker_4,6.0,TRAIN
EN2001a,3879.0,3915.0,Speaker_2,36.0,TRAIN
EN2001a,3915.0,3924.0,Speaker_1,9.0,TRAIN
EN2001a,3924.0,3933.0,Speaker_2,9.0,TRAIN
EN2001a,3933.0,3939.0,Speaker_4,6.0,TRAIN
EN2001a,3939.0,3945.0,Speaker_2,6.0,TRAIN
EN2001a,3945.0,3954.0,Speaker_1,9.0,TRAIN
EN2001a,3954.0,3960.0,Speaker_2,6.0,TRAIN
EN2001a,3960.0,3969.0,Speaker_1,9.0,TRAIN
EN2001a,3969.0,3975.0,Speaker_2,6.0,TRAIN
EN2001a,3975.0,3984.0,Speaker_1,9.0,TRAIN
EN2001a,3984.0,3990.0,Speaker_2,6.0,TRAIN
EN2001a,3990.0,3999.0,Speaker_1,9.0,TRAIN
EN2001a,3999.0,4005.0,Speaker_2,6.0,TRAIN
EN2001a,4005.0,4014.0,Speaker_1,9.0,TRAIN
EN2001a,4014.0,4020.0,Speaker_2,6.0,TRAIN
EN2001a,4020.0,4029.0,Speaker_1,9.0,TRAIN
EN2001a,4029.0,4035.0,Speaker_2,6.0,TRAIN
EN2001a,4035.0,4042.5,Speaker_1,7.5,TRAIN
EN2001a,4044.0,4050.0,Speaker_2,6.0,TRAIN
EN2001a,4050.0,4059.0,Speaker_1,9.0,TRAIN
EN2001a,4059.0,4065.0,Speaker_2,6.0,TRAIN
EN2001a,4065.0,4074.0,Speaker_1,9.0,TRAIN
EN2001a,4074.0,4110.0,Speaker_2,36.0,TRAIN
EN2001a,4110.0,4119.0,Speaker_1,9.0,TRAIN
EN2001a,4119.0,4140.0,Speaker_2,21.0,TRAIN
EN2001a,4140.0,4149.0,Speaker_1,9.0,TRAIN
EN2001a,4149.0,4155.0,Speaker_2,6.0,TRAIN
EN2001a,4155.0,4164.0,Speaker_1,9.0,TRAIN
EN2001a,4164.0,4170.0,Speaker_2,6.0,TRAIN
EN2001a,4170.0,4179.0,Speaker_1,9.0,TRAIN
EN2001a,4179.0,4200.0,Speaker_2,21.0,TRAIN
EN2001a,4200.0,4209.0,Speaker_1,9.0,TRAIN
EN2001a,4209.0,4215.0,Speaker_2,6.0,TRAIN
EN2001a,4215.0,4224.0,Speaker_1,9.0,TRAIN
EN2001a,4224.0,4230.0,Speaker_2,6.0,TRAIN
EN2001a,4230.0,4239.0,Speaker_1,9.0,TRAIN
EN2001a,4239.0,4246.5,Speaker_2,7.5,TRAIN
EN2001a,4246.5,4252.5,Speaker_4,6.0,TRAIN
EN2001a,4254.0,4261.5,Speaker_0,7.5,TRAIN
EN2001a,4261.5,4269.0,Speaker_3,7.5,TRAIN
EN2001a,4269.0,4276.5,Speaker_0,7.5,TRAIN
EN2001a,4276.5,4284.0,Speaker_3,7.5,TRAIN
EN2001a,4284.0,4291.5,Speaker_0,7.5,TRAIN
EN2001a,4291.5,4299.0,Speaker_3,7.5,TRAIN
EN2001a,4299.0,4306.5,Speaker_0,7.5,TRAIN
EN2001a,4306.5,4314.0,Speaker_3,7.5,TRAIN
EN2001a,4314.0,4329.0,Speaker_0,15.0,TRAIN
EN2001a,4329.0,4335.0,Speaker_2,6.0,TRAIN
EN2001a,4336.5,4342.5,Speaker_3,6.0,TRAIN
EN2001a,4344.0,4353.0,Speaker_2,9.0,TRAIN
EN2001a,4353.0,4374.0,Speaker_3,21.0,TRAIN
EN2001a,4374.0,4413.0,Speaker_2,39.0,TRAIN
EN2001a,4413.0,4431.0,Speaker_4,18.0,TRAIN
EN2001a,4435.5,4441.5,Speaker_0,6.0,TRAIN
EN2001a,4441.5,4449.0,Speaker_4,7.5,TRAIN
EN2001a,4449.0,4464.0,Speaker_0,15.0,TRAIN
EN2001a,4464.0,4491.0,Speaker_2,27.0,TRAIN
EN2001a,4494.0,4501.5,Speaker_0,7.5,TRAIN
EN2001a,4501.5,4509.0,Speaker_3,7.5,TRAIN
EN2001a,4509.0,4516.5,Speaker_0,7.5,TRAIN
EN2001a,4516.5,4530.0,Speaker_3,13.5,TRAIN
EN2001a,4530.0,4537.5,Speaker_1,7.5,TRAIN
EN2001a,4539.0,4546.5,Speaker_0,7.5,TRAIN
EN2001a,4546.5,4569.0,Speaker_4,22.5,TRAIN
EN2001a,4569.0,4576.5,Speaker_2,7.5,TRAIN
EN2001a,4576.5,4584.0,Speaker_4,7.5,TRAIN
EN2001a,4584.0,4591.5,Speaker_2,7.5,TRAIN
EN2001a,4593.0,4599.0,Speaker_4,6.0,TRAIN
EN2001a,4599.0,4621.5,Speaker_2,22.5,TRAIN
EN2001a,4623.0,4644.0,Speaker_4,21.0,TRAIN
EN2001a,4644.0,4674.0,Speaker_2,30.0,TRAIN
EN2001a,4674.0,4683.0,Speaker_0,9.0,TRAIN
EN2001a,4683.0,4689.0,Speaker_4,6.0,TRAIN
EN2001a,4689.0,4704.0,Speaker_0,15.0,TRAIN
EN2001a,4704.0,4815.0,Speaker_2,111.0,TRAIN
EN2001a,4815.0,4831.5,Speaker_1,16.5,TRAIN
EN2001a,4831.5,4837.5,Speaker_3,6.0,TRAIN
EN2001a,4840.5,4854.0,Speaker_2,13.5,TRAIN
EN2001a,4855.5,4861.5,Speaker_0,6.0,TRAIN
EN2001a,4863.0,4884.0,Speaker_4,21.0,TRAIN
EN2001a,4884.0,4891.5,Speaker_2,7.5,TRAIN
EN2001a,4893.0,4906.5,Speaker_3,13.5,TRAIN
EN2001a,4906.5,4914.0,Speaker_4,7.5,TRAIN
EN2001a,4914.0,4920.0,Speaker_2,6.0,TRAIN
EN2001a,4920.0,4929.0,Speaker_1,9.0,TRAIN
EN2001a,4929.0,4950.0,Speaker_2,21.0,TRAIN
EN2001a,4950.0,4959.0,Speaker_1,9.0,TRAIN
EN2001a,4959.0,4998.0,Speaker_2,39.0,TRAIN
EN2001a,4998.0,5004.0,Speaker_4,6.0,TRAIN
EN2001a,5004.0,5011.5,Speaker_2,7.5,TRAIN
EN2001a,5011.5,5019.0,Speaker_1,7.5,TRAIN
EN2001a,5019.0,5026.5,Speaker_2,7.5,TRAIN
EN2001a,5026.5,5034.0,Speaker_4,7.5,TRAIN
EN2001a,5034.0,5040.0,Speaker_2,6.0,TRAIN
EN2001a,5040.0,5047.5,Speaker_1,7.5,TRAIN
EN2001a,5049.0,5070.0,Speaker_2,21.0,TRAIN
EN2001a,5070.0,5079.0,Speaker_1,9.0,TRAIN
EN2001a,5079.0,5100.0,Speaker_2,21.0,TRAIN
EN2001a,5100.0,5107.5,Speaker_1,7.5,TRAIN
EN2001a,5109.0,5115.0,Speaker_2,6.0,TRAIN
EN2001a,5115.0,5124.0,Speaker_1,9.0,TRAIN
EN2001a,5124.0,5131.5,Speaker_2,7.5,TRAIN
EN2001a,5131.5,5139.0,Speaker_4,7.5,TRAIN
EN2001a,5140.5,5146.5,Speaker_0,6.0,TRAIN
EN2001a,5146.5,5152.5,Speaker_3,6.0,TRAIN
EN2001a,5154.0,5160.0,Speaker_2,6.0,TRAIN
EN2001a,5161.5,5169.0,Speaker_3,7.5,TRAIN
EN2001a,5169.0,5176.5,Speaker_0,7.5,TRAIN
EN2001a,5176.5,5184.0,Speaker_3,7.5,TRAIN
EN2001a,5184.0,5206.5,Speaker_0,22.5,TRAIN
EN2001a,5206.5,5214.0,Speaker_3,7.5,TRAIN
EN2001a,5214.0,5221.5,Speaker_0,7.5,TRAIN
EN2001a,5221.5,5229.0,Speaker_3,7.5,TRAIN
EN2001a,5229.0,5238.0,Speaker_0,9.0,TRAIN
EN2002a,1.5,4.5,Speaker_1,3.0,TRAIN
EN2002a,4.5,195.0,Speaker_0,190.5,TRAIN
EN2002a,195.0,202.5,Speaker_3,7.5,TRAIN
EN2002a,204.0,235.5,Speaker_0,31.5,TRAIN
EN2002a,235.5,241.5,Speaker_3,6.0,TRAIN
EN2002a,241.5,249.0,Speaker_1,7.5,TRAIN
EN2002a,249.0,304.5,Speaker_0,55.5,TRAIN
EN2002a,306.0,316.5,Speaker_3,10.5,TRAIN
EN2002a,318.0,378.0,Speaker_0,60.0,TRAIN
EN2002a,378.0,387.0,Speaker_3,9.0,TRAIN
EN2002a,388.5,400.5,Speaker_0,12.0,TRAIN
EN2002a,403.5,412.5,Speaker_3,9.0,TRAIN
EN2002a,412.5,426.0,Speaker_0,13.5,TRAIN
EN2002a,426.0,486.0,Speaker_3,60.0,TRAIN
EN2002a,486.0,559.5,Speaker_0,73.5,TRAIN
EN2002a,559.5,570.0,Speaker_1,10.5,TRAIN
EN2002a,571.5,627.0,Speaker_0,55.5,TRAIN
EN2002a,628.5,637.5,Speaker_3,9.0,TRAIN
EN2002a,637.5,706.5,Speaker_0,69.0,TRAIN
EN2002a,708.0,720.0,Speaker_3,12.0,TRAIN
EN2002a,720.0,726.0,Speaker_0,6.0,TRAIN
EN2002a,726.0,738.0,Speaker_3,12.0,TRAIN
EN2002a,739.5,748.5,Speaker_0,9.0,TRAIN
EN2002a,750.0,762.0,Speaker_1,12.0,TRAIN
EN2002a,762.0,780.0,Speaker_3,18.0,TRAIN
EN2002a,780.0,856.5,Speaker_0,76.5,TRAIN
EN2002a,856.5,864.0,Speaker_1,7.5,TRAIN
EN2002a,864.0,894.0,Speaker_0,30.0,TRAIN
EN2002a,894.0,927.0,Speaker_3,33.0,TRAIN
EN2002a,927.0,1044.0,Speaker_0,117.0,TRAIN
EN2002a,1044.0,1051.5,Speaker_3,7.5,TRAIN
EN2002a,1053.0,1086.0,Speaker_0,33.0,TRAIN
EN2002a,1086.0,1104.0,Speaker_3,18.0,TRAIN
EN2002a,1105.5,1116.0,Speaker_0,10.5,TRAIN
EN2002a,1116.0,1126.5,Speaker_3,10.5,TRAIN
EN2002a,1126.5,1134.0,Speaker_1,7.5,TRAIN
EN2002a,1134.0,1146.0,Speaker_0,12.0,TRAIN
EN2002a,1146.0,1155.0,Speaker_1,9.0,TRAIN
EN2002a,1155.0,1170.0,Speaker_0,15.0,TRAIN
EN2002a,1170.0,1182.0,Speaker_1,12.0,TRAIN
EN2002a,1183.5,1224.0,Speaker_3,40.5,TRAIN
EN2002a,1225.5,1450.5,Speaker_0,225.0,TRAIN
EN2002a,1450.5,1456.5,Speaker_3,6.0,TRAIN
EN2002a,1456.5,1470.0,Speaker_1,13.5,TRAIN
EN2002a,1470.0,1476.0,Speaker_0,6.0,TRAIN
EN2002a,1476.0,1482.0,Speaker_1,6.0,TRAIN
EN2002a,1483.5,1491.0,Speaker_0,7.5,TRAIN
EN2002a,1491.0,1500.0,Speaker_1,9.0,TRAIN
EN2002a,1500.0,1506.0,Speaker_0,6.0,TRAIN
EN2002a,1507.5,1518.0,Speaker_3,10.5,TRAIN
EN2002a,1518.0,1566.0,Speaker_0,48.0,TRAIN
EN2002a,1566.0,1572.0,Speaker_1,6.0,TRAIN
EN2002a,1572.0,1596.0,Speaker_3,24.0,TRAIN
EN2002a,1599.0,1608.0,Speaker_0,9.0,TRAIN
EN2002a,1609.5,1635.0,Speaker_3,25.5,TRAIN
EN2002a,1636.5,1647.0,Speaker_0,10.5,TRAIN
EN2002a,1648.5,1659.0,Speaker_3,10.5,TRAIN
EN2002a,1660.5,1818.0,Speaker_0,157.5,TRAIN
EN2002a,1819.5,1839.0,Speaker_3,19.5,TRAIN
EN2002a,1840.5,1849.5,Speaker_0,9.0,TRAIN
EN2002a,1851.0,1861.5,Speaker_3,10.5,TRAIN
EN2002a,1861.5,1872.0,Speaker_1,10.5,TRAIN
EN2002a,1873.5,1903.5,Speaker_3,30.0,TRAIN
EN2002a,1905.0,1930.5,Speaker_1,25.5,TRAIN
EN2002a,1930.5,1951.5,Speaker_3,21.0,TRAIN
EN2002a,1951.5,1965.0,Speaker_1,13.5,TRAIN
EN2002a,1965.0,2025.0,Speaker_0,60.0,TRAIN
EN2002a,2025.0,2031.0,Speaker_1,6.0,TRAIN
EN2002a,2031.0,2041.5,Speaker_3,10.5,TRAIN
EN2002a,2043.0,2061.0,Speaker_0,18.0,TRAIN
EN2002a,2061.0,2067.0,Speaker_1,6.0,TRAIN
EN2002a,2068.5,2082.0,Speaker_0,13.5,TRAIN
EN2002a,2082.0,2110.5,Speaker_3,28.5,TRAIN
EN2002a,2110.5,2124.0,Speaker_0,13.5,TRAIN
EN2002a,2127.0,2133.0,Speaker_2,6.0,TRAIN
EN2003a,1.5,15.0,Speaker_1,13.5,TRAIN
EN2003a,15.0,34.5,Speaker_0,19.5,TRAIN
EN2003a,34.5,40.5,Speaker_1,6.0,TRAIN
EN2003a,40.5,57.0,Speaker_0,16.5,TRAIN
EN2003a,57.0,63.0,Speaker_2,6.0,TRAIN
EN2003a,63.0,2142.0,Speaker_0,2079.0,TRAIN
EN2003a,2142.0,2148.0,Speaker_2,6.0,TRAIN
EN2003a,2151.0,2238.0,Speaker_0,87.0,TRAIN
EN2004a,0.0,9.0,Speaker_0,9.0,TRAIN
EN2004a,9.0,18.0,Speaker_2,9.0,TRAIN
EN2004a,18.0,24.0,Speaker_0,6.0,TRAIN
EN2004a,24.0,33.0,Speaker_2,9.0,TRAIN
EN2004a,33.0,39.0,Speaker_0,6.0,TRAIN
EN2004a,39.0,48.0,Speaker_2,9.0,TRAIN
EN2004a,48.0,54.0,Speaker_0,6.0,TRAIN
EN2004a,54.0,63.0,Speaker_2,9.0,TRAIN
EN2004a,63.0,69.0,Speaker_0,6.0,TRAIN
EN2004a,69.0,78.0,Speaker_2,9.0,TRAIN
EN2004a,78.0,84.0,Speaker_0,6.0,TRAIN
EN2004a,84.0,93.0,Speaker_2,9.0,TRAIN
EN2004a,93.0,99.0,Speaker_0,6.0,TRAIN
EN2004a,99.0,108.0,Speaker_2,9.0,TRAIN
EN2004a,108.0,114.0,Speaker_0,6.0,TRAIN
EN2004a,114.0,123.0,Speaker_2,9.0,TRAIN
EN2004a,123.0,129.0,Speaker_0,6.0,TRAIN
EN2004a,129.0,138.0,Speaker_2,9.0,TRAIN
EN2004a,138.0,144.0,Speaker_0,6.0,TRAIN
EN2004a,144.0,153.0,Speaker_2,9.0,TRAIN
EN2004a,153.0,159.0,Speaker_0,6.0,TRAIN
EN2004a,159.0,168.0,Speaker_2,9.0,TRAIN
EN2004a,168.0,174.0,Speaker_0,6.0,TRAIN
EN2004a,174.0,183.0,Speaker_2,9.0,TRAIN
EN2004a,183.0,189.0,Speaker_0,6.0,TRAIN
EN2004a,189.0,198.0,Speaker_2,9.0,TRAIN
EN2004a,198.0,204.0,Speaker_0,6.0,TRAIN
EN2004a,204.0,213.0,Speaker_2,9.0,TRAIN
EN2004a,213.0,219.0,Speaker_0,6.0,TRAIN
EN2004a,219.0,228.0,Speaker_2,9.0,TRAIN
EN2004a,228.0,234.0,Speaker_0,6.0,TRAIN
EN2004a,234.0,243.0,Speaker_2,9.0,TRAIN
EN2004a,243.0,249.0,Speaker_0,6.0,TRAIN
EN2004a,249.0,258.0,Speaker_2,9.0,TRAIN
EN2004a,258.0,264.0,Speaker_0,6.0,TRAIN
EN2004a,264.0,273.0,Speaker_2,9.0,TRAIN
EN2004a,273.0,279.0,Speaker_0,6.0,TRAIN
EN2004a,279.0,288.0,Speaker_2,9.0,TRAIN
EN2004a,288.0,294.0,Speaker_0,6.0,TRAIN
EN2004a,294.0,303.0,Speaker_2,9.0,TRAIN
EN2004a,303.0,309.0,Speaker_0,6.0,TRAIN
EN2004a,309.0,318.0,Speaker_2,9.0,TRAIN
EN2004a,318.0,324.0,Speaker_0,6.0,TRAIN
EN2004a,324.0,333.0,Speaker_2,9.0,TRAIN
EN2004a,333.0,339.0,Speaker_0,6.0,TRAIN
EN2004a,339.0,348.0,Speaker_2,9.0,TRAIN
EN2004a,348.0,354.0,Speaker_0,6.0,TRAIN
EN2004a,354.0,363.0,Speaker_2,9.0,TRAIN
EN2004a,363.0,369.0,Speaker_0,6.0,TRAIN
EN2004a,369.0,378.0,Speaker_2,9.0,TRAIN
EN2004a,378.0,384.0,Speaker_0,6.0,TRAIN
EN2004a,384.0,393.0,Speaker_2,9.0,TRAIN
EN2004a,393.0,399.0,Speaker_0,6.0,TRAIN
EN2004a,399.0,408.0,Speaker_2,9.0,TRAIN
EN2004a,408.0,414.0,Speaker_0,6.0,TRAIN
EN2004a,414.0,423.0,Speaker_2,9.0,TRAIN
EN2004a,423.0,429.0,Speaker_0,6.0,TRAIN
EN2004a,429.0,438.0,Speaker_2,9.0,TRAIN
EN2004a,438.0,444.0,Speaker_0,6.0,TRAIN
EN2004a,444.0,453.0,Speaker_2,9.0,TRAIN
EN2004a,453.0,459.0,Speaker_0,6.0,TRAIN
EN2004a,459.0,468.0,Speaker_2,9.0,TRAIN
EN2004a,468.0,474.0,Speaker_0,6.0,TRAIN
EN2004a,474.0,483.0,Speaker_2,9.0,TRAIN
EN2004a,483.0,489.0,Speaker_0,6.0,TRAIN
EN2004a,489.0,498.0,Speaker_2,9.0,TRAIN
EN2004a,498.0,504.0,Speaker_0,6.0,TRAIN
EN2004a,504.0,513.0,Speaker_2,9.0,TRAIN
EN2004a,513.0,519.0,Speaker_0,6.0,TRAIN
EN2004a,519.0,528.0,Speaker_2,9.0,TRAIN
EN2004a,528.0,534.0,Speaker_0,6.0,TRAIN
EN2004a,534.0,543.0,Speaker_2,9.0,TRAIN
EN2004a,543.0,549.0,Speaker_0,6.0,TRAIN
EN2004a,549.0,558.0,Speaker_2,9.0,TRAIN
EN2004a,558.0,564.0,Speaker_0,6.0,TRAIN
EN2004a,564.0,573.0,Speaker_2,9.0,TRAIN
EN2004a,573.0,579.0,Speaker_0,6.0,TRAIN
EN2004a,579.0,588.0,Speaker_2,9.0,TRAIN
EN2004a,588.0,609.0,Speaker_0,21.0,TRAIN
EN2004a,609.0,618.0,Speaker_2,9.0,TRAIN
EN2004a,618.0,624.0,Speaker_0,6.0,TRAIN
EN2004a,624.0,633.0,Speaker_2,9.0,TRAIN
EN2004a,633.0,654.0,Speaker_0,21.0,TRAIN
EN2004a,654.0,663.0,Speaker_2,9.0,TRAIN
EN2004a,663.0,669.0,Speaker_0,6.0,TRAIN
EN2004a,669.0,678.0,Speaker_2,9.0,TRAIN
EN2004a,678.0,684.0,Speaker_0,6.0,TRAIN
EN2004a,684.0,693.0,Speaker_2,9.0,TRAIN
EN2004a,693.0,714.0,Speaker_0,21.0,TRAIN
EN2004a,714.0,723.0,Speaker_2,9.0,TRAIN
EN2004a,723.0,729.0,Speaker_0,6.0,TRAIN
EN2004a,729.0,738.0,Speaker_2,9.0,TRAIN
EN2004a,738.0,759.0,Speaker_0,21.0,TRAIN
EN2004a,759.0,768.0,Speaker_2,9.0,TRAIN
EN2004a,768.0,774.0,Speaker_0,6.0,TRAIN
EN2004a,774.0,783.0,Speaker_2,9.0,TRAIN
EN2004a,783.0,789.0,Speaker_0,6.0,TRAIN
EN2004a,789.0,798.0,Speaker_2,9.0,TRAIN
EN2004a,798.0,804.0,Speaker_0,6.0,TRAIN
EN2004a,804.0,813.0,Speaker_2,9.0,TRAIN
EN2004a,813.0,819.0,Speaker_0,6.0,TRAIN
EN2004a,819.0,828.0,Speaker_2,9.0,TRAIN
EN2004a,828.0,834.0,Speaker_0,6.0,TRAIN
EN2004a,834.0,843.0,Speaker_2,9.0,TRAIN
EN2004a,843.0,849.0,Speaker_0,6.0,TRAIN
EN2004a,849.0,858.0,Speaker_2,9.0,TRAIN
EN2004a,858.0,864.0,Speaker_0,6.0,TRAIN
EN2004a,864.0,873.0,Speaker_2,9.0,TRAIN
EN2004a,873.0,879.0,Speaker_0,6.0,TRAIN
EN2004a,879.0,888.0,Speaker_2,9.0,TRAIN
EN2004a,888.0,894.0,Speaker_0,6.0,TRAIN
EN2004a,894.0,903.0,Speaker_2,9.0,TRAIN
EN2004a,903.0,909.0,Speaker_0,6.0,TRAIN
EN2004a,909.0,918.0,Speaker_2,9.0,TRAIN
EN2004a,918.0,924.0,Speaker_0,6.0,TRAIN
EN2004a,924.0,933.0,Speaker_2,9.0,TRAIN
EN2004a,933.0,939.0,Speaker_0,6.0,TRAIN
EN2004a,939.0,948.0,Speaker_2,9.0,TRAIN
EN2004a,948.0,954.0,Speaker_0,6.0,TRAIN
EN2004a,954.0,963.0,Speaker_2,9.0,TRAIN
EN2004a,963.0,969.0,Speaker_0,6.0,TRAIN
EN2004a,969.0,978.0,Speaker_2,9.0,TRAIN
EN2004a,978.0,999.0,Speaker_0,21.0,TRAIN
EN2004a,999.0,1008.0,Speaker_2,9.0,TRAIN
EN2004a,1008.0,1014.0,Speaker_0,6.0,TRAIN
EN2004a,1014.0,1023.0,Speaker_2,9.0,TRAIN
EN2004a,1023.0,1029.0,Speaker_0,6.0,TRAIN
EN2004a,1029.0,1038.0,Speaker_2,9.0,TRAIN
EN2004a,1038.0,1044.0,Speaker_0,6.0,TRAIN
EN2004a,1044.0,1053.0,Speaker_2,9.0,TRAIN
EN2004a,1053.0,1059.0,Speaker_0,6.0,TRAIN
EN2004a,1059.0,1068.0,Speaker_2,9.0,TRAIN
EN2004a,1068.0,1074.0,Speaker_0,6.0,TRAIN
EN2004a,1074.0,1083.0,Speaker_2,9.0,TRAIN
EN2004a,1083.0,1089.0,Speaker_0,6.0,TRAIN
EN2004a,1089.0,1098.0,Speaker_2,9.0,TRAIN
EN2004a,1098.0,1104.0,Speaker_0,6.0,TRAIN
EN2004a,1104.0,1113.0,Speaker_2,9.0,TRAIN
EN2004a,1113.0,1119.0,Speaker_0,6.0,TRAIN
EN2004a,1119.0,1128.0,Speaker_2,9.0,TRAIN
EN2004a,1128.0,1134.0,Speaker_0,6.0,TRAIN
EN2004a,1134.0,1143.0,Speaker_2,9.0,TRAIN
EN2004a,1143.0,1149.0,Speaker_0,6.0,TRAIN
EN2004a,1149.0,1158.0,Speaker_2,9.0,TRAIN
EN2004a,1158.0,1164.0,Speaker_0,6.0,TRAIN
EN2004a,1164.0,1173.0,Speaker_2,9.0,TRAIN
EN2004a,1173.0,1194.0,Speaker_0,21.0,TRAIN
EN2004a,1194.0,1203.0,Speaker_2,9.0,TRAIN
EN2004a,1203.0,1209.0,Speaker_0,6.0,TRAIN
EN2004a,1209.0,1218.0,Speaker_2,9.0,TRAIN
EN2004a,1218.0,1224.0,Speaker_0,6.0,TRAIN
EN2004a,1224.0,1233.0,Speaker_2,9.0,TRAIN
EN2004a,1233.0,1239.0,Speaker_0,6.0,TRAIN
EN2004a,1239.0,1248.0,Speaker_2,9.0,TRAIN
EN2004a,1248.0,1254.0,Speaker_0,6.0,TRAIN
EN2004a,1254.0,1263.0,Speaker_2,9.0,TRAIN
EN2004a,1263.0,1269.0,Speaker_0,6.0,TRAIN
EN2004a,1269.0,1278.0,Speaker_2,9.0,TRAIN
EN2004a,1278.0,1284.0,Speaker_0,6.0,TRAIN
EN2004a,1284.0,1293.0,Speaker_2,9.0,TRAIN
EN2004a,1293.0,1299.0,Speaker_0,6.0,TRAIN
EN2004a,1299.0,1308.0,Speaker_2,9.0,TRAIN
EN2004a,1308.0,1314.0,Speaker_0,6.0,TRAIN
EN2004a,1314.0,1323.0,Speaker_2,9.0,TRAIN
EN2004a,1323.0,1329.0,Speaker_0,6.0,TRAIN
EN2004a,1329.0,1338.0,Speaker_2,9.0,TRAIN
EN2004a,1338.0,1344.0,Speaker_0,6.0,TRAIN
EN2004a,1344.0,1353.0,Speaker_2,9.0,TRAIN
EN2004a,1353.0,1359.0,Speaker_0,6.0,TRAIN
EN2004a,1359.0,1368.0,Speaker_2,9.0,TRAIN
EN2004a,1368.0,1389.0,Speaker_0,21.0,TRAIN
EN2004a,1389.0,1398.0,Speaker_2,9.0,TRAIN
EN2004a,1398.0,1404.0,Speaker_0,6.0,TRAIN
EN2004a,1404.0,1413.0,Speaker_2,9.0,TRAIN
EN2004a,1413.0,1419.0,Speaker_0,6.0,TRAIN
EN2004a,1419.0,1428.0,Speaker_2,9.0,TRAIN
EN2004a,1428.0,1434.0,Speaker_0,6.0,TRAIN
EN2004a,1434.0,1443.0,Speaker_2,9.0,TRAIN
EN2004a,1443.0,1449.0,Speaker_0,6.0,TRAIN
EN2004a,1449.0,1458.0,Speaker_2,9.0,TRAIN
EN2004a,1458.0,1464.0,Speaker_0,6.0,TRAIN
EN2004a,1464.0,1473.0,Speaker_2,9.0,TRAIN
EN2004a,1473.0,1479.0,Speaker_0,6.0,TRAIN
EN2004a,1479.0,1488.0,Speaker_2,9.0,TRAIN
EN2004a,1488.0,1494.0,Speaker_0,6.0,TRAIN
EN2004a,1494.0,1503.0,Speaker_2,9.0,TRAIN
EN2004a,1503.0,1509.0,Speaker_0,6.0,TRAIN
EN2004a,1509.0,1518.0,Speaker_2,9.0,TRAIN
EN2004a,1518.0,1524.0,Speaker_0,6.0,TRAIN
EN2004a,1524.0,1533.0,Speaker_2,9.0,TRAIN
EN2004a,1533.0,1554.0,Speaker_0,21.0,TRAIN
EN2004a,1554.0,1563.0,Speaker_2,9.0,TRAIN
EN2004a,1563.0,1569.0,Speaker_0,6.0,TRAIN
EN2004a,1569.0,1578.0,Speaker_2,9.0,TRAIN
EN2004a,1578.0,1584.0,Speaker_0,6.0,TRAIN
EN2004a,1584.0,1593.0,Speaker_2,9.0,TRAIN
EN2004a,1593.0,1599.0,Speaker_0,6.0,TRAIN
EN2004a,1599.0,1608.0,Speaker_2,9.0,TRAIN
EN2004a,1608.0,1614.0,Speaker_0,6.0,TRAIN
EN2004a,1614.0,1623.0,Speaker_2,9.0,TRAIN
EN2004a,1623.0,1629.0,Speaker_0,6.0,TRAIN
EN2004a,1629.0,1638.0,Speaker_2,9.0,TRAIN
EN2004a,1638.0,1644.0,Speaker_0,6.0,TRAIN
EN2004a,1644.0,1653.0,Speaker_2,9.0,TRAIN
EN2004a,1653.0,1674.0,Speaker_0,21.0,TRAIN
EN2004a,1674.0,1683.0,Speaker_2,9.0,TRAIN
EN2004a,1683.0,1689.0,Speaker_0,6.0,TRAIN
EN2004a,1689.0,1698.0,Speaker_2,9.0,TRAIN
EN2004a,1698.0,1704.0,Speaker_0,6.0,TRAIN
EN2004a,1704.0,1713.0,Speaker_2,9.0,TRAIN
EN2004a,1713.0,1719.0,Speaker_0,6.0,TRAIN
EN2004a,1719.0,1728.0,Speaker_2,9.0,TRAIN
EN2004a,1728.0,1734.0,Speaker_0,6.0,TRAIN
EN2004a,1734.0,1743.0,Speaker_2,9.0,TRAIN
EN2004a,1743.0,1749.0,Speaker_0,6.0,TRAIN
EN2004a,1749.0,1758.0,Speaker_2,9.0,TRAIN
EN2004a,1758.0,1764.0,Speaker_0,6.0,TRAIN
EN2004a,1764.0,1773.0,Speaker_2,9.0,TRAIN
EN2004a,1773.0,1779.0,Speaker_0,6.0,TRAIN
EN2004a,1779.0,1788.0,Speaker_2,9.0,TRAIN
EN2004a,1788.0,1809.0,Speaker_0,21.0,TRAIN
EN2004a,1809.0,1818.0,Speaker_2,9.0,TRAIN
EN2004a,1818.0,1839.0,Speaker_0,21.0,TRAIN
EN2004a,1839.0,1848.0,Speaker_2,9.0,TRAIN
EN2004a,1848.0,1869.0,Speaker_0,21.0,TRAIN
EN2004a,1869.0,1878.0,Speaker_2,9.0,TRAIN
EN2004a,1878.0,1884.0,Speaker_0,6.0,TRAIN
EN2004a,1884.0,1893.0,Speaker_2,9.0,TRAIN
EN2004a,1893.0,1899.0,Speaker_0,6.0,TRAIN
EN2004a,1899.0,1908.0,Speaker_2,9.0,TRAIN
EN2004a,1908.0,1914.0,Speaker_0,6.0,TRAIN
EN2004a,1914.0,1923.0,Speaker_2,9.0,TRAIN
EN2004a,1923.0,1929.0,Speaker_0,6.0,TRAIN
EN2004a,1929.0,1938.0,Speaker_2,9.0,TRAIN
EN2004a,1938.0,1944.0,Speaker_0,6.0,TRAIN
EN2004a,1944.0,1953.0,Speaker_2,9.0,TRAIN
EN2004a,1953.0,1959.0,Speaker_0,6.0,TRAIN
EN2004a,1959.0,1968.0,Speaker_2,9.0,TRAIN
EN2004a,1968.0,1974.0,Speaker_0,6.0,TRAIN
EN2004a,1974.0,1983.0,Speaker_2,9.0,TRAIN
EN2004a,1983.0,1989.0,Speaker_0,6.0,TRAIN
EN2004a,1989.0,1998.0,Speaker_2,9.0,TRAIN
EN2004a,1998.0,2004.0,Speaker_0,6.0,TRAIN
EN2004a,2004.0,2013.0,Speaker_2,9.0,TRAIN
EN2004a,2013.0,2019.0,Speaker_0,6.0,TRAIN
EN2004a,2019.0,2028.0,Speaker_2,9.0,TRAIN
EN2004a,2028.0,2034.0,Speaker_0,6.0,TRAIN
EN2004a,2034.0,2043.0,Speaker_2,9.0,TRAIN
EN2004a,2043.0,2049.0,Speaker_0,6.0,TRAIN
EN2004a,2049.0,2058.0,Speaker_2,9.0,TRAIN
EN2004a,2058.0,2064.0,Speaker_0,6.0,TRAIN
EN2004a,2064.0,2073.0,Speaker_2,9.0,TRAIN
EN2004a,2073.0,2079.0,Speaker_0,6.0,TRAIN
EN2004a,2079.0,2088.0,Speaker_2,9.0,TRAIN
EN2004a,2088.0,2094.0,Speaker_0,6.0,TRAIN
EN2004a,2094.0,2103.0,Speaker_2,9.0,TRAIN
EN2004a,2103.0,2109.0,Speaker_0,6.0,TRAIN
EN2004a,2109.0,2118.0,Speaker_2,9.0,TRAIN
EN2004a,2118.0,2124.0,Speaker_0,6.0,TRAIN
EN2004a,2124.0,2133.0,Speaker_2,9.0,TRAIN
EN2004a,2133.0,2139.0,Speaker_0,6.0,TRAIN
EN2004a,2139.0,2148.0,Speaker_2,9.0,TRAIN
EN2004a,2148.0,2169.0,Speaker_0,21.0,TRAIN
EN2004a,2169.0,2178.0,Speaker_2,9.0,TRAIN
EN2004a,2178.0,2184.0,Speaker_0,6.0,TRAIN
EN2004a,2184.0,2193.0,Speaker_2,9.0,TRAIN
EN2004a,2193.0,2199.0,Speaker_0,6.0,TRAIN
EN2004a,2199.0,2208.0,Speaker_2,9.0,TRAIN
EN2004a,2208.0,2214.0,Speaker_0,6.0,TRAIN
EN2004a,2214.0,2223.0,Speaker_2,9.0,TRAIN
EN2004a,2223.0,2229.0,Speaker_0,6.0,TRAIN
EN2004a,2229.0,2238.0,Speaker_2,9.0,TRAIN
EN2004a,2238.0,2244.0,Speaker_0,6.0,TRAIN
EN2004a,2244.0,2253.0,Speaker_2,9.0,TRAIN
EN2004a,2253.0,2259.0,Speaker_0,6.0,TRAIN
EN2004a,2259.0,2268.0,Speaker_2,9.0,TRAIN
EN2004a,2268.0,2274.0,Speaker_0,6.0,TRAIN
EN2004a,2274.0,2283.0,Speaker_2,9.0,TRAIN
EN2004a,2283.0,2289.0,Speaker_0,6.0,TRAIN
EN2004a,2289.0,2298.0,Speaker_2,9.0,TRAIN
EN2004a,2298.0,2304.0,Speaker_0,6.0,TRAIN
EN2004a,2304.0,2313.0,Speaker_2,9.0,TRAIN
EN2004a,2313.0,2319.0,Speaker_0,6.0,TRAIN
EN2004a,2319.0,2328.0,Speaker_2,9.0,TRAIN
EN2004a,2328.0,2334.0,Speaker_0,6.0,TRAIN
EN2004a,2334.0,2343.0,Speaker_2,9.0,TRAIN
EN2004a,2343.0,2349.0,Speaker_0,6.0,TRAIN
EN2004a,2349.0,2358.0,Speaker_2,9.0,TRAIN
EN2004a,2358.0,2364.0,Speaker_0,6.0,TRAIN
EN2004a,2364.0,2373.0,Speaker_2,9.0,TRAIN
EN2004a,2373.0,2379.0,Speaker_0,6.0,TRAIN
EN2004a,2379.0,2388.0,Speaker_2,9.0,TRAIN
EN2004a,2388.0,2394.0,Speaker_0,6.0,TRAIN
EN2004a,2394.0,2403.0,Speaker_2,9.0,TRAIN
EN2004a,2403.0,2409.0,Speaker_0,6.0,TRAIN
EN2004a,2409.0,2418.0,Speaker_2,9.0,TRAIN
EN2004a,2418.0,2424.0,Speaker_0,6.0,TRAIN
EN2004a,2424.0,2433.0,Speaker_2,9.0,TRAIN
EN2004a,2433.0,2439.0,Speaker_0,6.0,TRAIN
EN2004a,2439.0,2448.0,Speaker_2,9.0,TRAIN
EN2004a,2448.0,2454.0,Speaker_0,6.0,TRAIN
EN2004a,2454.0,2463.0,Speaker_2,9.0,TRAIN
EN2004a,2463.0,2469.0,Speaker_0,6.0,TRAIN
EN2004a,2469.0,2478.0,Speaker_2,9.0,TRAIN
EN2004a,2478.0,2484.0,Speaker_0,6.0,TRAIN
EN2004a,2484.0,2493.0,Speaker_2,9.0,TRAIN
EN2004a,2493.0,2499.0,Speaker_0,6.0,TRAIN
EN2004a,2499.0,2508.0,Speaker_2,9.0,TRAIN
EN2004a,2508.0,2514.0,Speaker_0,6.0,TRAIN
EN2004a,2514.0,2523.0,Speaker_2,9.0,TRAIN
EN2004a,2523.0,2529.0,Speaker_0,6.0,TRAIN
EN2004a,2529.0,2538.0,Speaker_2,9.0,TRAIN
EN2004a,2538.0,2544.0,Speaker_0,6.0,TRAIN
EN2004a,2544.0,2553.0,Speaker_2,9.0,TRAIN
EN2004a,2553.0,2559.0,Speaker_0,6.0,TRAIN
EN2004a,2559.0,2568.0,Speaker_2,9.0,TRAIN
EN2004a,2568.0,2574.0,Speaker_0,6.0,TRAIN
EN2004a,2574.0,2583.0,Speaker_2,9.0,TRAIN
EN2004a,2583.0,2604.0,Speaker_0,21.0,TRAIN
EN2004a,2604.0,2613.0,Speaker_2,9.0,TRAIN
EN2004a,2613.0,2649.0,Speaker_0,36.0,TRAIN
EN2004a,2649.0,2658.0,Speaker_2,9.0,TRAIN
EN2004a,2658.0,2694.0,Speaker_0,36.0,TRAIN
EN2004a,2694.0,2703.0,Speaker_2,9.0,TRAIN
EN2004a,2703.0,2709.0,Speaker_0,6.0,TRAIN
EN2004a,2709.0,2718.0,Speaker_2,9.0,TRAIN
EN2004a,2718.0,2724.0,Speaker_0,6.0,TRAIN
EN2004a,2724.0,2733.0,Speaker_2,9.0,TRAIN
EN2004a,2733.0,2754.0,Speaker_0,21.0,TRAIN
EN2004a,2754.0,2763.0,Speaker_2,9.0,TRAIN
EN2004a,2763.0,2769.0,Speaker_0,6.0,TRAIN
EN2004a,2769.0,2778.0,Speaker_2,9.0,TRAIN
EN2004a,2778.0,2784.0,Speaker_0,6.0,TRAIN
EN2004a,2784.0,2793.0,Speaker_2,9.0,TRAIN
EN2004a,2793.0,2799.0,Speaker_0,6.0,TRAIN
EN2004a,2799.0,2808.0,Speaker_2,9.0,TRAIN
EN2004a,2808.0,2814.0,Speaker_0,6.0,TRAIN
EN2004a,2814.0,2823.0,Speaker_2,9.0,TRAIN
EN2004a,2823.0,2829.0,Speaker_0,6.0,TRAIN
EN2004a,2829.0,2838.0,Speaker_2,9.0,TRAIN
EN2004a,2838.0,2844.0,Speaker_0,6.0,TRAIN
EN2004a,2844.0,2853.0,Speaker_2,9.0,TRAIN
EN2004a,2853.0,2859.0,Speaker_0,6.0,TRAIN
EN2004a,2859.0,2868.0,Speaker_2,9.0,TRAIN
EN2004a,2868.0,2874.0,Speaker_0,6.0,TRAIN
EN2004a,2874.0,2883.0,Speaker_2,9.0,TRAIN
EN2004a,2883.0,2889.0,Speaker_0,6.0,TRAIN
EN2004a,2889.0,2898.0,Speaker_2,9.0,TRAIN
EN2004a,2898.0,2904.0,Speaker_0,6.0,TRAIN
EN2004a,2904.0,2913.0,Speaker_2,9.0,TRAIN
EN2004a,2913.0,2919.0,Speaker_0,6.0,TRAIN
EN2004a,2919.0,2928.0,Speaker_2,9.0,TRAIN
EN2004a,2928.0,2934.0,Speaker_0,6.0,TRAIN
EN2004a,2934.0,2943.0,Speaker_2,9.0,TRAIN
EN2004a,2943.0,2949.0,Speaker_0,6.0,TRAIN
EN2004a,2949.0,2958.0,Speaker_2,9.0,TRAIN
EN2004a,2958.0,2964.0,Speaker_0,6.0,TRAIN
EN2004a,2964.0,2973.0,Speaker_2,9.0,TRAIN
EN2004a,2973.0,2979.0,Speaker_0,6.0,TRAIN
EN2004a,2979.0,2988.0,Speaker_2,9.0,TRAIN
EN2004a,2988.0,3009.0,Speaker_0,21.0,TRAIN
EN2004a,3009.0,3018.0,Speaker_2,9.0,TRAIN
EN2004a,3018.0,3024.0,Speaker_0,6.0,TRAIN
EN2004a,3024.0,3033.0,Speaker_2,9.0,TRAIN
EN2004a,3033.0,3039.0,Speaker_0,6.0,TRAIN
EN2004a,3039.0,3048.0,Speaker_2,9.0,TRAIN
EN2004a,3048.0,3054.0,Speaker_0,6.0,TRAIN
EN2004a,3054.0,3063.0,Speaker_2,9.0,TRAIN
EN2004a,3063.0,3069.0,Speaker_0,6.0,TRAIN
EN2004a,3069.0,3078.0,Speaker_2,9.0,TRAIN
EN2004a,3078.0,3084.0,Speaker_0,6.0,TRAIN
EN2004a,3084.0,3093.0,Speaker_2,9.0,TRAIN
EN2004a,3093.0,3099.0,Speaker_0,6.0,TRAIN
EN2004a,3099.0,3108.0,Speaker_2,9.0,TRAIN
EN2004a,3108.0,3114.0,Speaker_0,6.0,TRAIN
EN2004a,3114.0,3123.0,Speaker_2,9.0,TRAIN
EN2004a,3123.0,3129.0,Speaker_0,6.0,TRAIN
EN2004a,3129.0,3138.0,Speaker_2,9.0,TRAIN
EN2004a,3138.0,3144.0,Speaker_0,6.0,TRAIN
EN2004a,3144.0,3153.0,Speaker_2,9.0,TRAIN
EN2004a,3153.0,3159.0,Speaker_0,6.0,TRAIN
EN2004a,3159.0,3168.0,Speaker_2,9.0,TRAIN
EN2004a,3168.0,3174.0,Speaker_0,6.0,TRAIN
EN2004a,3174.0,3183.0,Speaker_2,9.0,TRAIN
EN2004a,3183.0,3189.0,Speaker_0,6.0,TRAIN
EN2004a,3189.0,3198.0,Speaker_2,9.0,TRAIN
EN2004a,3198.0,3219.0,Speaker_0,21.0,TRAIN
EN2004a,3219.0,3228.0,Speaker_2,9.0,TRAIN
EN2004a,3228.0,3234.0,Speaker_0,6.0,TRAIN
EN2004a,3234.0,3243.0,Speaker_2,9.0,TRAIN
EN2004a,3243.0,3249.0,Speaker_0,6.0,TRAIN
EN2004a,3249.0,3258.0,Speaker_2,9.0,TRAIN
EN2004a,3258.0,3264.0,Speaker_0,6.0,TRAIN
EN2004a,3264.0,3273.0,Speaker_2,9.0,TRAIN
EN2004a,3273.0,3279.0,Speaker_0,6.0,TRAIN
EN2004a,3279.0,3288.0,Speaker_2,9.0,TRAIN
EN2004a,3288.0,3294.0,Speaker_0,6.0,TRAIN
EN2004a,3294.0,3303.0,Speaker_2,9.0,TRAIN
EN2004a,3303.0,3309.0,Speaker_0,6.0,TRAIN
EN2004a,3309.0,3318.0,Speaker_2,9.0,TRAIN
EN2004a,3318.0,3324.0,Speaker_0,6.0,TRAIN
EN2004a,3324.0,3333.0,Speaker_2,9.0,TRAIN
EN2004a,3333.0,3339.0,Speaker_0,6.0,TRAIN
EN2004a,3339.0,3348.0,Speaker_2,9.0,TRAIN
EN2004a,3348.0,3354.0,Speaker_0,6.0,TRAIN
EN2004a,3354.0,3363.0,Speaker_2,9.0,TRAIN
EN2004a,3363.0,3369.0,Speaker_0,6.0,TRAIN
EN2004a,3369.0,3378.0,Speaker_2,9.0,TRAIN
EN2004a,3378.0,3384.0,Speaker_0,6.0,TRAIN
EN2004a,3384.0,3393.0,Speaker_2,9.0,TRAIN
EN2004a,3393.0,3399.0,Speaker_0,6.0,TRAIN
EN2004a,3399.0,3408.0,Speaker_2,9.0,TRAIN
EN2004a,3408.0,3414.0,Speaker_0,6.0,TRAIN
EN2004a,3414.0,3423.0,Speaker_2,9.0,TRAIN
EN2004a,3423.0,3429.0,Speaker_0,6.0,TRAIN
EN2004a,3429.0,3438.0,Speaker_2,9.0,TRAIN
EN2005a,0.0,9.0,Speaker_0,9.0,TRAIN
EN2005a,9.0,18.0,Speaker_3,9.0,TRAIN
EN2005a,18.0,24.0,Speaker_0,6.0,TRAIN
EN2005a,24.0,33.0,Speaker_3,9.0,TRAIN
EN2005a,33.0,39.0,Speaker_0,6.0,TRAIN
EN2005a,39.0,63.0,Speaker_3,24.0,TRAIN
EN2005a,63.0,69.0,Speaker_0,6.0,TRAIN
EN2005a,69.0,78.0,Speaker_3,9.0,TRAIN
EN2005a,78.0,84.0,Speaker_0,6.0,TRAIN
EN2005a,84.0,93.0,Speaker_3,9.0,TRAIN
EN2005a,93.0,99.0,Speaker_0,6.0,TRAIN
EN2005a,99.0,108.0,Speaker_3,9.0,TRAIN
EN2005a,108.0,114.0,Speaker_0,6.0,TRAIN
EN2005a,114.0,123.0,Speaker_3,9.0,TRAIN
EN2005a,123.0,129.0,Speaker_0,6.0,TRAIN
EN2005a,129.0,138.0,Speaker_3,9.0,TRAIN
EN2005a,138.0,157.5,Speaker_0,19.5,TRAIN
EN2005a,157.5,438.0,Speaker_1,280.5,TRAIN
EN2005a,438.0,459.0,Speaker_0,21.0,TRAIN
EN2005a,459.0,471.0,Speaker_3,12.0,TRAIN
EN2005a,471.0,490.5,Speaker_1,19.5,TRAIN
EN2005a,490.5,501.0,Speaker_3,10.5,TRAIN
EN2005a,501.0,534.0,Speaker_1,33.0,TRAIN
EN2005a,534.0,543.0,Speaker_3,9.0,TRAIN
EN2005a,543.0,549.0,Speaker_0,6.0,TRAIN
EN2005a,549.0,558.0,Speaker_3,9.0,TRAIN
EN2005a,558.0,565.5,Speaker_1,7.5,TRAIN
EN2005a,565.5,573.0,Speaker_3,7.5,TRAIN
EN2005a,573.0,579.0,Speaker_0,6.0,TRAIN
EN2005a,579.0,588.0,Speaker_3,9.0,TRAIN
EN2005a,588.0,597.0,Speaker_0,9.0,TRAIN
EN2005a,597.0,606.0,Speaker_1,9.0,TRAIN
EN2005a,609.0,622.5,Speaker_3,13.5,TRAIN
EN2005a,622.5,639.0,Speaker_1,16.5,TRAIN
EN2005a,639.0,648.0,Speaker_3,9.0,TRAIN
EN2005a,648.0,654.0,Speaker_0,6.0,TRAIN
EN2005a,654.0,663.0,Speaker_3,9.0,TRAIN
EN2005a,663.0,669.0,Speaker_0,6.0,TRAIN
EN2005a,669.0,678.0,Speaker_3,9.0,TRAIN
EN2005a,678.0,684.0,Speaker_0,6.0,TRAIN
EN2005a,684.0,693.0,Speaker_3,9.0,TRAIN
EN2005a,693.0,699.0,Speaker_0,6.0,TRAIN
EN2005a,699.0,711.0,Speaker_3,12.0,TRAIN
EN2005a,711.0,759.0,Speaker_1,48.0,TRAIN
EN2005a,759.0,771.0,Speaker_3,12.0,TRAIN
EN2005a,771.0,798.0,Speaker_1,27.0,TRAIN
EN2005a,798.0,804.0,Speaker_0,6.0,TRAIN
EN2005a,804.0,813.0,Speaker_3,9.0,TRAIN
EN2005a,813.0,819.0,Speaker_0,6.0,TRAIN
EN2005a,819.0,828.0,Speaker_3,9.0,TRAIN
EN2005a,828.0,834.0,Speaker_0,6.0,TRAIN
EN2005a,834.0,843.0,Speaker_3,9.0,TRAIN
EN2005a,843.0,849.0,Speaker_0,6.0,TRAIN
EN2005a,849.0,858.0,Speaker_3,9.0,TRAIN
EN2005a,858.0,864.0,Speaker_0,6.0,TRAIN
EN2005a,864.0,873.0,Speaker_3,9.0,TRAIN
EN2005a,873.0,879.0,Speaker_0,6.0,TRAIN
EN2005a,879.0,888.0,Speaker_3,9.0,TRAIN
EN2005a,888.0,894.0,Speaker_0,6.0,TRAIN
EN2005a,894.0,903.0,Speaker_3,9.0,TRAIN
EN2005a,903.0,909.0,Speaker_0,6.0,TRAIN
EN2005a,909.0,918.0,Speaker_3,9.0,TRAIN
EN2005a,918.0,924.0,Speaker_0,6.0,TRAIN
EN2005a,924.0,933.0,Speaker_3,9.0,TRAIN
EN2005a,933.0,939.0,Speaker_0,6.0,TRAIN
EN2005a,939.0,948.0,Speaker_3,9.0,TRAIN
EN2005a,948.0,954.0,Speaker_0,6.0,TRAIN
EN2005a,954.0,963.0,Speaker_3,9.0,TRAIN
EN2005a,963.0,969.0,Speaker_0,6.0,TRAIN
EN2005a,969.0,978.0,Speaker_3,9.0,TRAIN
EN2005a,978.0,984.0,Speaker_0,6.0,TRAIN
EN2005a,984.0,993.0,Speaker_3,9.0,TRAIN
EN2005a,993.0,999.0,Speaker_0,6.0,TRAIN
EN2005a,999.0,1008.0,Speaker_3,9.0,TRAIN
EN2005a,1008.0,1029.0,Speaker_0,21.0,TRAIN
EN2005a,1029.0,1038.0,Speaker_3,9.0,TRAIN
EN2005a,1038.0,1044.0,Speaker_0,6.0,TRAIN
EN2005a,1044.0,1053.0,Speaker_3,9.0,TRAIN
EN2005a,1053.0,1059.0,Speaker_0,6.0,TRAIN
EN2005a,1059.0,1068.0,Speaker_3,9.0,TRAIN
EN2005a,1068.0,1074.0,Speaker_0,6.0,TRAIN
EN2005a,1074.0,1083.0,Speaker_3,9.0,TRAIN
EN2005a,1083.0,1089.0,Speaker_0,6.0,TRAIN
EN2005a,1089.0,1098.0,Speaker_3,9.0,TRAIN
EN2005a,1098.0,1104.0,Speaker_0,6.0,TRAIN
EN2005a,1104.0,1113.0,Speaker_3,9.0,TRAIN
EN2005a,1113.0,1132.5,Speaker_0,19.5,TRAIN
EN2005a,1134.0,1143.0,Speaker_3,9.0,TRAIN
EN2005a,1143.0,1149.0,Speaker_0,6.0,TRAIN
EN2005a,1149.0,1158.0,Speaker_3,9.0,TRAIN
EN2005a,1158.0,1164.0,Speaker_0,6.0,TRAIN
EN2005a,1164.0,1188.0,Speaker_3,24.0,TRAIN
EN2005a,1188.0,1194.0,Speaker_0,6.0,TRAIN
EN2005a,1194.0,1203.0,Speaker_3,9.0,TRAIN
EN2005a,1203.0,1209.0,Speaker_0,6.0,TRAIN
EN2005a,1209.0,1218.0,Speaker_3,9.0,TRAIN
EN2005a,1218.0,1224.0,Speaker_0,6.0,TRAIN
EN2005a,1224.0,1237.5,Speaker_3,13.5,TRAIN
EN2005a,1237.5,1248.0,Speaker_1,10.5,TRAIN
EN2005a,1248.0,1254.0,Speaker_0,6.0,TRAIN
EN2005a,1254.0,1263.0,Speaker_3,9.0,TRAIN
EN2005a,1263.0,1269.0,Speaker_0,6.0,TRAIN
EN2005a,1269.0,1278.0,Speaker_3,9.0,TRAIN
EN2005a,1278.0,1284.0,Speaker_0,6.0,TRAIN
EN2005a,1284.0,1293.0,Speaker_3,9.0,TRAIN
EN2005a,1293.0,1299.0,Speaker_0,6.0,TRAIN
EN2005a,1299.0,1308.0,Speaker_3,9.0,TRAIN
EN2005a,1308.0,1314.0,Speaker_0,6.0,TRAIN
EN2005a,1314.0,1323.0,Speaker_3,9.0,TRAIN
EN2005a,1323.0,1329.0,Speaker_0,6.0,TRAIN
EN2005a,1329.0,1338.0,Speaker_3,9.0,TRAIN
EN2005a,1338.0,1344.0,Speaker_0,6.0,TRAIN
EN2005a,1344.0,1353.0,Speaker_3,9.0,TRAIN
EN2005a,1353.0,1359.0,Speaker_0,6.0,TRAIN
EN2005a,1359.0,1383.0,Speaker_3,24.0,TRAIN
EN2005a,1383.0,1389.0,Speaker_0,6.0,TRAIN
EN2005a,1389.0,1398.0,Speaker_3,9.0,TRAIN
EN2005a,1398.0,1404.0,Speaker_0,6.0,TRAIN
EN2005a,1404.0,1413.0,Speaker_3,9.0,TRAIN
EN2005a,1413.0,1419.0,Speaker_0,6.0,TRAIN
EN2005a,1419.0,1428.0,Speaker_3,9.0,TRAIN
EN2005a,1428.0,1434.0,Speaker_0,6.0,TRAIN
EN2005a,1434.0,1443.0,Speaker_3,9.0,TRAIN
EN2005a,1443.0,1449.0,Speaker_0,6.0,TRAIN
EN2005a,1449.0,1458.0,Speaker_3,9.0,TRAIN
EN2005a,1458.0,1467.0,Speaker_0,9.0,TRAIN
EN2005a,1467.0,1479.0,Speaker_1,12.0,TRAIN
EN2005a,1479.0,1488.0,Speaker_3,9.0,TRAIN
EN2005a,1489.5,1503.0,Speaker_1,13.5,TRAIN
EN2005a,1503.0,1509.0,Speaker_0,6.0,TRAIN
EN2005a,1509.0,1518.0,Speaker_3,9.0,TRAIN
EN2005a,1518.0,1524.0,Speaker_0,6.0,TRAIN
EN2005a,1524.0,1533.0,Speaker_3,9.0,TRAIN
EN2005a,1533.0,1539.0,Speaker_0,6.0,TRAIN
EN2005a,1539.0,1548.0,Speaker_3,9.0,TRAIN
EN2005a,1548.0,1554.0,Speaker_0,6.0,TRAIN
EN2005a,1554.0,1563.0,Speaker_3,9.0,TRAIN
EN2005a,1563.0,1569.0,Speaker_0,6.0,TRAIN
EN2005a,1569.0,1575.0,Speaker_3,6.0,TRAIN
EN2005a,1578.0,1584.0,Speaker_0,6.0,TRAIN
EN2005a,1584.0,1593.0,Speaker_3,9.0,TRAIN
EN2005a,1593.0,1602.0,Speaker_0,9.0,TRAIN
EN2005a,1602.0,1720.5,Speaker_1,118.5,TRAIN
EN2005a,1720.5,1731.0,Speaker_3,10.5,TRAIN
EN2005a,1731.0,1758.0,Speaker_1,27.0,TRAIN
EN2005a,1758.0,1764.0,Speaker_0,6.0,TRAIN
EN2005a,1764.0,1776.0,Speaker_3,12.0,TRAIN
EN2005a,1776.0,1809.0,Speaker_1,33.0,TRAIN
EN2005a,1809.0,1818.0,Speaker_3,9.0,TRAIN
EN2005a,1818.0,1824.0,Speaker_0,6.0,TRAIN
EN2005a,1824.0,1833.0,Speaker_3,9.0,TRAIN
EN2005a,1833.0,1839.0,Speaker_0,6.0,TRAIN
EN2005a,1839.0,1848.0,Speaker_3,9.0,TRAIN
EN2005a,1849.5,1863.0,Speaker_1,13.5,TRAIN
EN2005a,1863.0,1872.0,Speaker_0,9.0,TRAIN
EN2005a,1872.0,1923.0,Speaker_1,51.0,TRAIN
EN2005a,1923.0,1932.0,Speaker_0,9.0,TRAIN
EN2005a,1932.0,1944.0,Speaker_1,12.0,TRAIN
EN2005a,1944.0,1953.0,Speaker_3,9.0,TRAIN
EN2005a,1953.0,1959.0,Speaker_0,6.0,TRAIN
EN2005a,1959.0,1968.0,Speaker_3,9.0,TRAIN
EN2005a,1968.0,1974.0,Speaker_0,6.0,TRAIN
EN2005a,1974.0,1983.0,Speaker_3,9.0,TRAIN
EN2005a,1983.0,1989.0,Speaker_0,6.0,TRAIN
EN2005a,1989.0,1998.0,Speaker_3,9.0,TRAIN
EN2005a,1998.0,2007.0,Speaker_0,9.0,TRAIN
EN2005a,2007.0,2079.0,Speaker_1,72.0,TRAIN
EN2005a,2079.0,2088.0,Speaker_3,9.0,TRAIN
EN2005a,2089.5,2103.0,Speaker_1,13.5,TRAIN
EN2005a,2103.0,2109.0,Speaker_0,6.0,TRAIN
EN2005a,2109.0,2118.0,Speaker_3,9.0,TRAIN
EN2005a,2119.5,2148.0,Speaker_1,28.5,TRAIN
EN2005a,2148.0,2154.0,Speaker_0,6.0,TRAIN
EN2005a,2154.0,2163.0,Speaker_3,9.0,TRAIN
EN2005a,2163.0,2169.0,Speaker_0,6.0,TRAIN
EN2005a,2169.0,2178.0,Speaker_3,9.0,TRAIN
EN2005a,2178.0,2184.0,Speaker_0,6.0,TRAIN
EN2005a,2184.0,2193.0,Speaker_3,9.0,TRAIN
EN2005a,2193.0,2199.0,Speaker_0,6.0,TRAIN
EN2005a,2199.0,2208.0,Speaker_3,9.0,TRAIN
EN2005a,2208.0,2214.0,Speaker_0,6.0,TRAIN
EN2005a,2214.0,2223.0,Speaker_3,9.0,TRAIN
EN2005a,2223.0,2229.0,Speaker_0,6.0,TRAIN
EN2005a,2229.0,2235.0,Speaker_3,6.0,TRAIN
EN2005a,2235.0,2253.0,Speaker_1,18.0,TRAIN
EN2005a,2253.0,2259.0,Speaker_0,6.0,TRAIN
EN2005a,2259.0,2268.0,Speaker_3,9.0,TRAIN
EN2005a,2268.0,2274.0,Speaker_0,6.0,TRAIN
EN2005a,2274.0,2283.0,Speaker_3,9.0,TRAIN
EN2005a,2283.0,2289.0,Speaker_0,6.0,TRAIN
EN2005a,2289.0,2301.0,Speaker_3,12.0,TRAIN
EN2005a,2301.0,2313.0,Speaker_1,12.0,TRAIN
EN2005a,2313.0,2332.5,Speaker_0,19.5,TRAIN
EN2005a,2332.5,2358.0,Speaker_1,25.5,TRAIN
EN2005a,2358.0,2367.0,Speaker_0,9.0,TRAIN
EN2005a,2367.0,2392.5,Speaker_1,25.5,TRAIN
EN2005a,2394.0,2406.0,Speaker_3,12.0,TRAIN
EN2005a,2406.0,2448.0,Speaker_1,42.0,TRAIN
EN2005a,2448.0,2457.0,Speaker_0,9.0,TRAIN
EN2005a,2457.0,2469.0,Speaker_1,12.0,TRAIN
EN2005a,2469.0,2478.0,Speaker_3,9.0,TRAIN
EN2005a,2478.0,2499.0,Speaker_0,21.0,TRAIN
EN2005a,2499.0,2508.0,Speaker_3,9.0,TRAIN
EN2005a,2508.0,2514.0,Speaker_0,6.0,TRAIN
EN2005a,2514.0,2523.0,Speaker_3,9.0,TRAIN
EN2005a,2523.0,2529.0,Speaker_0,6.0,TRAIN
EN2005a,2529.0,2538.0,Speaker_3,9.0,TRAIN
EN2005a,2538.0,2544.0,Speaker_0,6.0,TRAIN
EN2005a,2544.0,2568.0,Speaker_3,24.0,TRAIN
EN2005a,2568.0,2574.0,Speaker_0,6.0,TRAIN
EN2005a,2574.0,2583.0,Speaker_3,9.0,TRAIN
EN2005a,2583.0,2589.0,Speaker_0,6.0,TRAIN
EN2005a,2589.0,2598.0,Speaker_3,9.0,TRAIN
EN2005a,2598.0,2604.0,Speaker_0,6.0,TRAIN
EN2005a,2604.0,2613.0,Speaker_3,9.0,TRAIN
EN2005a,2613.0,2619.0,Speaker_0,6.0,TRAIN
EN2005a,2619.0,2628.0,Speaker_3,9.0,TRAIN
EN2005a,2628.0,2634.0,Speaker_0,6.0,TRAIN
EN2005a,2634.0,2643.0,Speaker_3,9.0,TRAIN
EN2005a,2643.0,2649.0,Speaker_0,6.0,TRAIN
EN2005a,2649.0,2658.0,Speaker_3,9.0,TRAIN
EN2005a,2658.0,2679.0,Speaker_0,21.0,TRAIN
EN2005a,2679.0,2688.0,Speaker_3,9.0,TRAIN
EN2005a,2688.0,2694.0,Speaker_0,6.0,TRAIN
EN2005a,2694.0,2718.0,Speaker_3,24.0,TRAIN
EN2005a,2718.0,2724.0,Speaker_0,6.0,TRAIN
EN2005a,2724.0,2733.0,Speaker_3,9.0,TRAIN
EN2005a,2733.0,2739.0,Speaker_0,6.0,TRAIN
EN2005a,2739.0,2748.0,Speaker_3,9.0,TRAIN
EN2005a,2748.0,2754.0,Speaker_0,6.0,TRAIN
EN2005a,2754.0,2763.0,Speaker_3,9.0,TRAIN
EN2005a,2763.0,2769.0,Speaker_0,6.0,TRAIN
EN2005a,2769.0,2778.0,Speaker_3,9.0,TRAIN
EN2005a,2778.0,2784.0,Speaker_0,6.0,TRAIN
EN2005a,2784.0,2793.0,Speaker_3,9.0,TRAIN
EN2005a,2793.0,2799.0,Speaker_0,6.0,TRAIN
EN2005a,2799.0,2808.0,Speaker_3,9.0,TRAIN
EN2005a,2808.0,2814.0,Speaker_0,6.0,TRAIN
EN2005a,2814.0,2823.0,Speaker_3,9.0,TRAIN
EN2005a,2823.0,2829.0,Speaker_0,6.0,TRAIN
EN2005a,2829.0,2838.0,Speaker_3,9.0,TRAIN
EN2005a,2838.0,2844.0,Speaker_0,6.0,TRAIN
EN2005a,2844.0,2853.0,Speaker_3,9.0,TRAIN
EN2005a,2853.0,2859.0,Speaker_0,6.0,TRAIN
EN2005a,2859.0,2871.0,Speaker_3,12.0,TRAIN
EN2005a,2871.0,2889.0,Speaker_1,18.0,TRAIN
EN2005a,2889.0,2898.0,Speaker_3,9.0,TRAIN
EN2005a,2898.0,2904.0,Speaker_0,6.0,TRAIN
EN2005a,2904.0,2913.0,Speaker_3,9.0,TRAIN
EN2005a,2913.0,2919.0,Speaker_0,6.0,TRAIN
EN2005a,2919.0,2928.0,Speaker_3,9.0,TRAIN
EN2005a,2928.0,2934.0,Speaker_0,6.0,TRAIN
EN2005a,2934.0,2955.0,Speaker_3,21.0,TRAIN
EN2005a,2955.0,2973.0,Speaker_1,18.0,TRAIN
EN2005a,2973.0,2979.0,Speaker_0,6.0,TRAIN
EN2005a,2979.0,2988.0,Speaker_3,9.0,TRAIN
EN2005a,2988.0,2994.0,Speaker_0,6.0,TRAIN
EN2005a,2994.0,3000.0,Speaker_3,6.0,TRAIN
EN2005a,3000.0,3070.5,Speaker_1,70.5,TRAIN
EN2005a,3070.5,3093.0,Speaker_3,22.5,TRAIN
EN2005a,3093.0,3099.0,Speaker_0,6.0,TRAIN
EN2005a,3099.0,3108.0,Speaker_3,9.0,TRAIN
EN2005a,3108.0,3114.0,Speaker_0,6.0,TRAIN
EN2005a,3114.0,3121.5,Speaker_3,7.5,TRAIN
EN2005a,3123.0,3129.0,Speaker_0,6.0,TRAIN
EN2005a,3129.0,3138.0,Speaker_3,9.0,TRAIN
EN2005a,3138.0,3144.0,Speaker_0,6.0,TRAIN
EN2005a,3144.0,3153.0,Speaker_3,9.0,TRAIN
EN2005a,3154.5,3187.5,Speaker_1,33.0,TRAIN
EN2005a,3189.0,3198.0,Speaker_3,9.0,TRAIN
EN2005a,3198.0,3204.0,Speaker_0,6.0,TRAIN
EN2005a,3204.0,3213.0,Speaker_3,9.0,TRAIN
EN2005a,3213.0,3219.0,Speaker_0,6.0,TRAIN
EN2005a,3219.0,3228.0,Speaker_3,9.0,TRAIN
EN2005a,3228.0,3237.0,Speaker_0,9.0,TRAIN
EN2005a,3237.0,3243.0,Speaker_1,6.0,TRAIN
EN2005a,3243.0,3249.0,Speaker_0,6.0,TRAIN
EN2005a,3249.0,3258.0,Speaker_3,9.0,TRAIN
EN2005a,3258.0,3264.0,Speaker_0,6.0,TRAIN
EN2005a,3264.0,3271.5,Speaker_3,7.5,TRAIN
EN2005a,3271.5,3288.0,Speaker_1,16.5,TRAIN
EN2005a,3288.0,3294.0,Speaker_0,6.0,TRAIN
EN2005a,3294.0,3303.0,Speaker_3,9.0,TRAIN
EN2005a,3303.0,3309.0,Speaker_0,6.0,TRAIN
EN2005a,3309.0,3318.0,Speaker_3,9.0,TRAIN
EN2005a,3318.0,3324.0,Speaker_0,6.0,TRAIN
EN2005a,3324.0,3342.0,Speaker_3,18.0,TRAIN
EN2005a,3342.0,3348.0,Speaker_1,6.0,TRAIN
EN2005a,3348.0,3369.0,Speaker_0,21.0,TRAIN
EN2005a,3369.0,3378.0,Speaker_3,9.0,TRAIN
EN2005a,3378.0,3384.0,Speaker_0,6.0,TRAIN
EN2005a,3384.0,3393.0,Speaker_3,9.0,TRAIN
EN2005a,3393.0,3399.0,Speaker_0,6.0,TRAIN
EN2005a,3399.0,3408.0,Speaker_3,9.0,TRAIN
EN2005a,3408.0,3414.0,Speaker_0,6.0,TRAIN
EN2005a,3414.0,3423.0,Speaker_3,9.0,TRAIN
EN2005a,3423.0,3429.0,Speaker_0,6.0,TRAIN
EN2005a,3429.0,3438.0,Speaker_3,9.0,TRAIN
EN2005a,3438.0,3459.0,Speaker_0,21.0,TRAIN
EN2005a,3459.0,3468.0,Speaker_3,9.0,TRAIN
EN2005a,3468.0,3474.0,Speaker_0,6.0,TRAIN
EN2005a,3474.0,3483.0,Speaker_3,9.0,TRAIN
EN2005a,3483.0,3489.0,Speaker_0,6.0,TRAIN
EN2005a,3489.0,3498.0,Speaker_3,9.0,TRAIN
EN2005a,3498.0,3504.0,Speaker_0,6.0,TRAIN
EN2005a,3504.0,3513.0,Speaker_3,9.0,TRAIN
EN2005a,3513.0,3519.0,Speaker_0,6.0,TRAIN
EN2005a,3519.0,3528.0,Speaker_3,9.0,TRAIN
EN2005a,3528.0,3549.0,Speaker_0,21.0,TRAIN
EN2005a,3549.0,3558.0,Speaker_3,9.0,TRAIN
EN2005a,3558.0,3565.5,Speaker_0,7.5,TRAIN
EN2005a,3565.5,3571.5,Speaker_2,6.0,TRAIN
EN2005a,3571.5,3579.0,Speaker_0,7.5,TRAIN
EN2005a,3579.0,3588.0,Speaker_3,9.0,TRAIN
EN2005a,3588.0,3594.0,Speaker_0,6.0,TRAIN
EN2005a,3594.0,3603.0,Speaker_3,9.0,TRAIN
EN2005a,3603.0,3609.0,Speaker_0,6.0,TRAIN
EN2005a,3609.0,3618.0,Speaker_3,9.0,TRAIN
EN2005a,3618.0,3624.0,Speaker_0,6.0,TRAIN
EN2005a,3624.0,3633.0,Speaker_3,9.0,TRAIN
EN2005a,3633.0,3639.0,Speaker_0,6.0,TRAIN
EN2005a,3639.0,3648.0,Speaker_3,9.0,TRAIN
EN2005a,3648.0,3654.0,Speaker_0,6.0,TRAIN
EN2005a,3654.0,3663.0,Speaker_3,9.0,TRAIN
EN2005a,3663.0,3669.0,Speaker_0,6.0,TRAIN
EN2005a,3670.5,3676.5,Speaker_2,6.0,TRAIN
EN2005a,3678.0,3684.0,Speaker_0,6.0,TRAIN
EN2005a,3684.0,3693.0,Speaker_3,9.0,TRAIN
EN2005a,3693.0,3699.0,Speaker_0,6.0,TRAIN
EN2005a,3699.0,3723.0,Speaker_3,24.0,TRAIN
EN2005a,3723.0,3729.0,Speaker_0,6.0,TRAIN
EN2005a,3729.0,3738.0,Speaker_3,9.0,TRAIN
EN2005a,3738.0,3744.0,Speaker_0,6.0,TRAIN
EN2005a,3744.0,3753.0,Speaker_3,9.0,TRAIN
EN2005a,3753.0,3759.0,Speaker_0,6.0,TRAIN
EN2005a,3759.0,3768.0,Speaker_3,9.0,TRAIN
EN2005a,3768.0,3774.0,Speaker_0,6.0,TRAIN
EN2005a,3774.0,3783.0,Speaker_3,9.0,TRAIN
EN2005a,3783.0,3789.0,Speaker_0,6.0,TRAIN
EN2005a,3789.0,3798.0,Speaker_3,9.0,TRAIN
EN2005a,3798.0,3804.0,Speaker_0,6.0,TRAIN
EN2005a,3804.0,3813.0,Speaker_3,9.0,TRAIN
EN2005a,3813.0,3819.0,Speaker_0,6.0,TRAIN
EN2005a,3819.0,3828.0,Speaker_3,9.0,TRAIN
EN2005a,3828.0,3834.0,Speaker_0,6.0,TRAIN
EN2005a,3834.0,3843.0,Speaker_3,9.0,TRAIN
EN2005a,3843.0,3849.0,Speaker_0,6.0,TRAIN
EN2005a,3849.0,3858.0,Speaker_3,9.0,TRAIN
EN2005a,3858.0,3864.0,Speaker_0,6.0,TRAIN
EN2005a,3864.0,3873.0,Speaker_3,9.0,TRAIN
EN2005a,3873.0,3879.0,Speaker_0,6.0,TRAIN
EN2005a,3879.0,3888.0,Speaker_3,9.0,TRAIN
EN2005a,3888.0,3894.0,Speaker_0,6.0,TRAIN
EN2005a,3894.0,3903.0,Speaker_3,9.0,TRAIN
EN2005a,3903.0,3909.0,Speaker_0,6.0,TRAIN
EN2005a,3909.0,3918.0,Speaker_3,9.0,TRAIN
EN2005a,3918.0,3928.5,Speaker_0,10.5,TRAIN
EN2005a,3928.5,3955.5,Speaker_1,27.0,TRAIN
EN2005a,3955.5,3963.0,Speaker_3,7.5,TRAIN
EN2005a,3963.0,3969.0,Speaker_0,6.0,TRAIN
EN2005a,3969.0,3978.0,Speaker_3,9.0,TRAIN
EN2005a,3978.0,3984.0,Speaker_0,6.0,TRAIN
EN2005a,3984.0,3993.0,Speaker_3,9.0,TRAIN
EN2005a,3993.0,3999.0,Speaker_0,6.0,TRAIN
EN2005a,3999.0,4008.0,Speaker_3,9.0,TRAIN
EN2005a,4008.0,4014.0,Speaker_0,6.0,TRAIN
EN2005a,4014.0,4023.0,Speaker_3,9.0,TRAIN
EN2005a,4023.0,4029.0,Speaker_0,6.0,TRAIN
EN2005a,4029.0,4038.0,Speaker_3,9.0,TRAIN
EN2005a,4038.0,4044.0,Speaker_0,6.0,TRAIN
EN2005a,4044.0,4053.0,Speaker_3,9.0,TRAIN
EN2005a,4053.0,4059.0,Speaker_0,6.0,TRAIN
EN2005a,4059.0,4068.0,Speaker_3,9.0,TRAIN
EN2005a,4068.0,4074.0,Speaker_0,6.0,TRAIN
EN2005a,4074.0,4083.0,Speaker_3,9.0,TRAIN
EN2005a,4083.0,4089.0,Speaker_0,6.0,TRAIN
EN2005a,4089.0,4098.0,Speaker_3,9.0,TRAIN
EN2005a,4098.0,4104.0,Speaker_0,6.0,TRAIN
EN2005a,4104.0,4113.0,Speaker_3,9.0,TRAIN
EN2005a,4113.0,4119.0,Speaker_0,6.0,TRAIN
EN2005a,4119.0,4128.0,Speaker_3,9.0,TRAIN
EN2005a,4128.0,4134.0,Speaker_0,6.0,TRAIN
EN2005a,4134.0,4143.0,Speaker_3,9.0,TRAIN
EN2005a,4143.0,4149.0,Speaker_0,6.0,TRAIN
EN2005a,4149.0,4158.0,Speaker_3,9.0,TRAIN
EN2005a,4158.0,4164.0,Speaker_0,6.0,TRAIN
EN2005a,4164.0,4173.0,Speaker_3,9.0,TRAIN
EN2005a,4173.0,4179.0,Speaker_0,6.0,TRAIN
EN2005a,4179.0,4188.0,Speaker_3,9.0,TRAIN
EN2005a,4188.0,4194.0,Speaker_0,6.0,TRAIN
EN2005a,4194.0,4203.0,Speaker_3,9.0,TRAIN
EN2005a,4203.0,4209.0,Speaker_0,6.0,TRAIN
EN2005a,4209.0,4218.0,Speaker_3,9.0,TRAIN
EN2005a,4218.0,4242.0,Speaker_0,24.0,TRAIN
EN2005a,4242.0,4248.0,Speaker_1,6.0,TRAIN
EN2005a,4248.0,4254.0,Speaker_0,6.0,TRAIN
EN2005a,4254.0,4267.5,Speaker_3,13.5,TRAIN
EN2005a,4267.5,4278.0,Speaker_1,10.5,TRAIN
EN2005a,4278.0,4284.0,Speaker_0,6.0,TRAIN
EN2005a,4284.0,4293.0,Speaker_3,9.0,TRAIN
EN2005a,4293.0,4299.0,Speaker_0,6.0,TRAIN
EN2005a,4299.0,4308.0,Speaker_3,9.0,TRAIN
EN2005a,4308.0,4314.0,Speaker_0,6.0,TRAIN
EN2005a,4314.0,4323.0,Speaker_3,9.0,TRAIN
EN2005a,4323.0,4329.0,Speaker_0,6.0,TRAIN
EN2005a,4329.0,4338.0,Speaker_3,9.0,TRAIN
EN2005a,4338.0,4344.0,Speaker_0,6.0,TRAIN
EN2005a,4344.0,4353.0,Speaker_3,9.0,TRAIN
EN2005a,4353.0,4359.0,Speaker_0,6.0,TRAIN
EN2005a,4359.0,4383.0,Speaker_3,24.0,TRAIN
EN2005a,4383.0,4389.0,Speaker_0,6.0,TRAIN
EN2005a,4389.0,4398.0,Speaker_3,9.0,TRAIN
EN2005a,4398.0,4404.0,Speaker_0,6.0,TRAIN
EN2005a,4404.0,4413.0,Speaker_3,9.0,TRAIN
EN2005a,4413.0,4419.0,Speaker_0,6.0,TRAIN
EN2005a,4419.0,4428.0,Speaker_3,9.0,TRAIN
EN2005a,4428.0,4434.0,Speaker_0,6.0,TRAIN
EN2005a,4434.0,4443.0,Speaker_3,9.0,TRAIN
EN2005a,4443.0,4449.0,Speaker_0,6.0,TRAIN
EN2005a,4449.0,4458.0,Speaker_3,9.0,TRAIN
EN2005a,4458.0,4464.0,Speaker_0,6.0,TRAIN
EN2005a,4464.0,4473.0,Speaker_3,9.0,TRAIN
EN2005a,4473.0,4479.0,Speaker_0,6.0,TRAIN
EN2005a,4479.0,4492.5,Speaker_3,13.5,TRAIN
EN2005a,4492.5,4503.0,Speaker_1,10.5,TRAIN
EN2005a,4503.0,4509.0,Speaker_0,6.0,TRAIN
EN2005a,4509.0,4518.0,Speaker_3,9.0,TRAIN
EN2005a,4518.0,4524.0,Speaker_0,6.0,TRAIN
EN2005a,4524.0,4533.0,Speaker_3,9.0,TRAIN
EN2005a,4533.0,4539.0,Speaker_0,6.0,TRAIN
EN2005a,4539.0,4563.0,Speaker_3,24.0,TRAIN
EN2005a,4563.0,4569.0,Speaker_0,6.0,TRAIN
EN2005a,4569.0,4578.0,Speaker_3,9.0,TRAIN
EN2005a,4578.0,4584.0,Speaker_0,6.0,TRAIN
EN2005a,4584.0,4593.0,Speaker_3,9.0,TRAIN
EN2005a,4593.0,4599.0,Speaker_0,6.0,TRAIN
EN2005a,4599.0,4608.0,Speaker_3,9.0,TRAIN
EN2005a,4608.0,4614.0,Speaker_0,6.0,TRAIN
EN2005a,4614.0,4623.0,Speaker_3,9.0,TRAIN
EN2005a,4623.0,4629.0,Speaker_0,6.0,TRAIN
EN2005a,4629.0,4638.0,Speaker_3,9.0,TRAIN
EN2005a,4638.0,4644.0,Speaker_0,6.0,TRAIN
EN2005a,4644.0,4653.0,Speaker_3,9.0,TRAIN
EN2005a,4653.0,4659.0,Speaker_0,6.0,TRAIN
EN2005a,4659.0,4668.0,Speaker_3,9.0,TRAIN
EN2005a,4668.0,4674.0,Speaker_0,6.0,TRAIN
EN2005a,4674.0,4683.0,Speaker_3,9.0,TRAIN
EN2005a,4683.0,4689.0,Speaker_0,6.0,TRAIN
EN2005a,4689.0,4698.0,Speaker_3,9.0,TRAIN
EN2005a,4698.0,4704.0,Speaker_0,6.0,TRAIN
EN2005a,4704.0,4713.0,Speaker_3,9.0,TRAIN
EN2005a,4713.0,4719.0,Speaker_0,6.0,TRAIN
EN2005a,4719.0,4728.0,Speaker_3,9.0,TRAIN
EN2005a,4728.0,4734.0,Speaker_0,6.0,TRAIN
EN2005a,4734.0,4743.0,Speaker_3,9.0,TRAIN
EN2005a,4743.0,4749.0,Speaker_0,6.0,TRAIN
EN2005a,4749.0,4758.0,Speaker_3,9.0,TRAIN
EN2005a,4758.0,4764.0,Speaker_0,6.0,TRAIN
EN2005a,4764.0,4773.0,Speaker_3,9.0,TRAIN
EN2005a,4773.0,4779.0,Speaker_0,6.0,TRAIN
EN2005a,4779.0,4788.0,Speaker_3,9.0,TRAIN
EN2005a,4788.0,4794.0,Speaker_0,6.0,TRAIN
EN2005a,4794.0,4803.0,Speaker_3,9.0,TRAIN
EN2005a,4803.0,4809.0,Speaker_0,6.0,TRAIN
EN2005a,4809.0,4818.0,Speaker_3,9.0,TRAIN
EN2005a,4818.0,4824.0,Speaker_0,6.0,TRAIN
EN2005a,4824.0,4833.0,Speaker_3,9.0,TRAIN
EN2005a,4833.0,4839.0,Speaker_0,6.0,TRAIN
EN2005a,4839.0,4848.0,Speaker_3,9.0,TRAIN
EN2005a,4848.0,4854.0,Speaker_0,6.0,TRAIN
EN2005a,4854.0,4863.0,Speaker_3,9.0,TRAIN
EN2005a,4863.0,4869.0,Speaker_0,6.0,TRAIN
EN2005a,4869.0,4876.5,Speaker_3,7.5,TRAIN
EN2005a,4878.0,4884.0,Speaker_0,6.0,TRAIN
EN2005a,4885.5,4891.5,Speaker_2,6.0,TRAIN
EN2005a,4891.5,4900.5,Speaker_0,9.0,TRAIN
EN2005a,4900.5,4906.5,Speaker_2,6.0,TRAIN
EN2005a,4906.5,4915.5,Speaker_0,9.0,TRAIN
EN2005a,4915.5,4921.5,Speaker_2,6.0,TRAIN
EN2005a,4921.5,4945.5,Speaker_0,24.0,TRAIN
EN2005a,4945.5,4951.5,Speaker_2,6.0,TRAIN
EN2005a,4953.0,4959.0,Speaker_0,6.0,TRAIN
EN2005a,4959.0,4968.0,Speaker_3,9.0,TRAIN
EN2005a,4968.0,4974.0,Speaker_0,6.0,TRAIN
EN2005a,4974.0,4983.0,Speaker_3,9.0,TRAIN
EN2005a,4983.0,5004.0,Speaker_0,21.0,TRAIN
EN2005a,5004.0,5013.0,Speaker_3,9.0,TRAIN
EN2005a,5013.0,5019.0,Speaker_0,6.0,TRAIN
EN2005a,5019.0,5028.0,Speaker_3,9.0,TRAIN
EN2005a,5028.0,5034.0,Speaker_0,6.0,TRAIN
EN2005a,5034.0,5043.0,Speaker_3,9.0,TRAIN
EN2005a,5043.0,5049.0,Speaker_0,6.0,TRAIN
EN2005a,5049.0,5058.0,Speaker_3,9.0,TRAIN
EN2005a,5058.0,5079.0,Speaker_0,21.0,TRAIN
EN2005a,5079.0,5088.0,Speaker_3,9.0,TRAIN
EN2005a,5088.0,5094.0,Speaker_0,6.0,TRAIN
EN2005a,5094.0,5103.0,Speaker_3,9.0,TRAIN
EN2005a,5103.0,5109.0,Speaker_0,6.0,TRAIN
EN2005a,5109.0,5118.0,Speaker_3,9.0,TRAIN
EN2005a,5118.0,5124.0,Speaker_0,6.0,TRAIN
EN2005a,5124.0,5133.0,Speaker_3,9.0,TRAIN
EN2005a,5133.0,5154.0,Speaker_0,21.0,TRAIN
EN2005a,5154.0,5163.0,Speaker_3,9.0,TRAIN
EN2005a,5163.0,5169.0,Speaker_0,6.0,TRAIN
EN2005a,5169.0,5178.0,Speaker_3,9.0,TRAIN
EN2005a,5178.0,5184.0,Speaker_0,6.0,TRAIN
EN2005a,5184.0,5193.0,Speaker_3,9.0,TRAIN
EN2005a,5193.0,5199.0,Speaker_0,6.0,TRAIN
EN2005a,5199.0,5208.0,Speaker_3,9.0,TRAIN
EN2005a,5208.0,5214.0,Speaker_0,6.0,TRAIN
EN2005a,5214.0,5223.0,Speaker_3,9.0,TRAIN
EN2005a,5223.0,5229.0,Speaker_0,6.0,TRAIN
EN2005a,5229.0,5238.0,Speaker_3,9.0,TRAIN
EN2005a,5238.0,5244.0,Speaker_0,6.0,TRAIN
EN2005a,5244.0,5253.0,Speaker_3,9.0,TRAIN
EN2005a,5253.0,5289.0,Speaker_0,36.0,TRAIN
EN2005a,5289.0,5298.0,Speaker_3,9.0,TRAIN
EN2005a,5298.0,5304.0,Speaker_0,6.0,TRAIN
EN2005a,5304.0,5310.0,Speaker_3,6.0,TRAIN
EN2005a,5311.5,5319.0,Speaker_0,7.5,TRAIN
EN2005a,5319.0,5328.0,Speaker_3,9.0,TRAIN
EN2005a,5328.0,5335.5,Speaker_0,7.5,TRAIN
EN2005a,5335.5,5341.5,Speaker_2,6.0,TRAIN
EN2005a,5341.5,5349.0,Speaker_0,7.5,TRAIN
EN2005a,5349.0,5355.0,Speaker_3,6.0,TRAIN
EN2005a,5356.5,5380.5,Speaker_0,24.0,TRAIN
EN2005a,5382.0,5388.0,Speaker_3,6.0,TRAIN
EN2005a,5388.0,5395.5,Speaker_0,7.5,TRAIN
EN2005a,5395.5,5403.0,Speaker_2,7.5,TRAIN
EN2009b,1.5,6.0,Speaker_1,4.5,TRAIN
EN2009b,6.0,37.5,Speaker_0,31.5,TRAIN
EN2009b,37.5,63.0,Speaker_1,25.5,TRAIN
EN2009b,63.0,70.5,Speaker_0,7.5,TRAIN
EN2009b,70.5,88.5,Speaker_1,18.0,TRAIN
EN2009b,88.5,97.5,Speaker_0,9.0,TRAIN
EN2009b,97.5,117.0,Speaker_1,19.5,TRAIN
EN2009b,117.0,130.5,Speaker_0,13.5,TRAIN
EN2009b,130.5,154.5,Speaker_1,24.0,TRAIN
EN2009b,154.5,160.5,Speaker_0,6.0,TRAIN
EN2009b,160.5,166.5,Speaker_1,6.0,TRAIN
EN2009b,166.5,175.5,Speaker_0,9.0,TRAIN
EN2009b,175.5,214.5,Speaker_1,39.0,TRAIN
EN2009b,214.5,250.5,Speaker_0,36.0,TRAIN
EN2009b,250.5,256.5,Speaker_1,6.0,TRAIN
EN2009b,256.5,264.0,Speaker_0,7.5,TRAIN
EN2009b,264.0,271.5,Speaker_1,7.5,TRAIN
EN2009b,271.5,280.5,Speaker_0,9.0,TRAIN
EN2009b,280.5,286.5,Speaker_1,6.0,TRAIN
EN2009b,286.5,306.0,Speaker_0,19.5,TRAIN
EN2009b,306.0,342.0,Speaker_1,36.0,TRAIN
EN2009b,342.0,349.5,Speaker_0,7.5,TRAIN
EN2009b,349.5,396.0,Speaker_1,46.5,TRAIN
EN2009b,396.0,405.0,Speaker_0,9.0,TRAIN
EN2009b,408.0,477.0,Speaker_1,69.0,TRAIN
EN2009b,477.0,489.0,Speaker_0,12.0,TRAIN
EN2009b,489.0,496.5,Speaker_1,7.5,TRAIN
EN2009b,496.5,504.0,Speaker_0,7.5,TRAIN
EN2009b,504.0,576.0,Speaker_1,72.0,TRAIN
EN2009b,576.0,595.5,Speaker_0,19.5,TRAIN
EN2009b,598.5,627.0,Speaker_1,28.5,TRAIN
EN2009b,627.0,633.0,Speaker_0,6.0,TRAIN
EN2009b,633.0,642.0,Speaker_1,9.0,TRAIN
EN2009b,642.0,655.5,Speaker_0,13.5,TRAIN
EN2009b,655.5,663.0,Speaker_1,7.5,TRAIN
EN2009b,663.0,669.0,Speaker_0,6.0,TRAIN
EN2009b,669.0,684.0,Speaker_1,15.0,TRAIN
EN2009b,684.0,705.0,Speaker_0,21.0,TRAIN
EN2009b,705.0,717.0,Speaker_1,12.0,TRAIN
EN2009b,717.0,730.5,Speaker_0,13.5,TRAIN
EN2009b,730.5,738.0,Speaker_1,7.5,TRAIN
EN2009b,738.0,744.0,Speaker_0,6.0,TRAIN
EN2009b,744.0,766.5,Speaker_1,22.5,TRAIN
EN2009b,766.5,772.5,Speaker_0,6.0,TRAIN
EN2009b,772.5,784.5,Speaker_1,12.0,TRAIN
EN2009b,784.5,814.5,Speaker_0,30.0,TRAIN
EN2009b,814.5,853.5,Speaker_1,39.0,TRAIN
EN2009b,853.5,864.0,Speaker_0,10.5,TRAIN
EN2009b,864.0,873.0,Speaker_1,9.0,TRAIN
EN2009b,873.0,907.5,Speaker_0,34.5,TRAIN
EN2009b,907.5,916.5,Speaker_1,9.0,TRAIN
EN2009b,916.5,928.5,Speaker_0,12.0,TRAIN
EN2009b,928.5,958.5,Speaker_1,30.0,TRAIN
EN2009b,958.5,984.0,Speaker_0,25.5,TRAIN
EN2009b,984.0,1036.5,Speaker_1,52.5,TRAIN
EN2009b,1036.5,1045.5,Speaker_0,9.0,TRAIN
EN2009b,1045.5,1062.0,Speaker_1,16.5,TRAIN
EN2009b,1062.0,1084.5,Speaker_0,22.5,TRAIN
EN2009b,1084.5,1131.0,Speaker_1,46.5,TRAIN
EN2009b,1131.0,1162.5,Speaker_0,31.5,TRAIN
EN2009b,1162.5,1182.0,Speaker_1,19.5,TRAIN
EN2009b,1182.0,1188.0,Speaker_0,6.0,TRAIN
EN2009b,1188.0,1216.5,Speaker_1,28.5,TRAIN
EN2009b,1216.5,1222.5,Speaker_0,6.0,TRAIN
EN2009b,1222.5,1239.0,Speaker_1,16.5,TRAIN
EN2009b,1239.0,1300.5,Speaker_0,61.5,TRAIN
EN2009b,1300.5,1311.0,Speaker_1,10.5,TRAIN
EN2009b,1311.0,1330.5,Speaker_0,19.5,TRAIN
EN2009b,1330.5,1353.0,Speaker_1,22.5,TRAIN
EN2009b,1353.0,1389.0,Speaker_0,36.0,TRAIN
EN2009b,1389.0,1416.0,Speaker_1,27.0,TRAIN
EN2009b,1416.0,1425.0,Speaker_0,9.0,TRAIN
EN2009b,1425.0,1438.5,Speaker_1,13.5,TRAIN
EN2009b,1438.5,1450.5,Speaker_0,12.0,TRAIN
EN2009b,1450.5,1467.0,Speaker_1,16.5,TRAIN
EN2009b,1467.0,1476.0,Speaker_0,9.0,TRAIN
EN2009b,1476.0,1486.5,Speaker_1,10.5,TRAIN
EN2009b,1486.5,1494.0,Speaker_0,7.5,TRAIN
EN2009b,1494.0,1543.5,Speaker_1,49.5,TRAIN
EN2009b,1546.5,1555.5,Speaker_0,9.0,TRAIN
EN2009b,1555.5,1567.5,Speaker_1,12.0,TRAIN
EN2009b,1567.5,1603.5,Speaker_0,36.0,TRAIN
EN2009b,1603.5,1609.5,Speaker_1,6.0,TRAIN
EN2009b,1609.5,1615.5,Speaker_0,6.0,TRAIN
EN2009b,1615.5,1642.5,Speaker_1,27.0,TRAIN
EN2009b,1642.5,1659.0,Speaker_0,16.5,TRAIN
EN2009b,1659.0,1678.5,Speaker_1,19.5,TRAIN
EN2009b,1678.5,1686.0,Speaker_0,7.5,TRAIN
EN2009b,1686.0,1693.5,Speaker_1,7.5,TRAIN
EN2009b,1693.5,1740.0,Speaker_0,46.5,TRAIN
EN2009b,1740.0,1770.0,Speaker_1,30.0,TRAIN
EN2009b,1770.0,1800.0,Speaker_0,30.0,TRAIN
EN2009b,1800.0,1831.5,Speaker_1,31.5,TRAIN
EN2009b,1831.5,1854.0,Speaker_0,22.5,TRAIN
EN2009b,1854.0,1861.5,Speaker_1,7.5,TRAIN
EN2009b,1861.5,1870.5,Speaker_0,9.0,TRAIN
EN2009b,1870.5,1878.0,Speaker_1,7.5,TRAIN
EN2009b,1878.0,1888.5,Speaker_0,10.5,TRAIN
EN2009b,1893.0,1935.0,Speaker_1,42.0,TRAIN
EN2009b,1936.5,1959.0,Speaker_0,22.5,TRAIN
EN2009b,1959.0,1968.0,Speaker_1,9.0,TRAIN
EN2009b,1968.0,1990.5,Speaker_0,22.5,TRAIN
EN2009b,1990.5,1996.5,Speaker_1,6.0,TRAIN
EN2009b,1996.5,2017.5,Speaker_0,21.0,TRAIN
EN2009b,2017.5,2061.0,Speaker_1,43.5,TRAIN
EN2009b,2061.0,2085.0,Speaker_0,24.0,TRAIN
EN2009b,2085.0,2116.5,Speaker_1,31.5,TRAIN
EN2009b,2116.5,2125.5,Speaker_0,9.0,TRAIN
EN2009b,2125.5,2166.0,Speaker_1,40.5,TRAIN
EN2009b,2166.0,2197.5,Speaker_0,31.5,TRAIN
EN2009b,2197.5,2208.0,Speaker_1,10.5,TRAIN
EN2009b,2208.0,2215.5,Speaker_0,7.5,TRAIN
EN2009b,2215.5,2233.5,Speaker_1,18.0,TRAIN
EN2009b,2233.5,2463.0,Speaker_0,229.5,TRAIN
IB4001,1.5,10.5,Speaker_2,9.0,TRAIN
IB4001,10.5,169.5,Speaker_0,159.0,TRAIN
IB4001,169.5,175.5,Speaker_2,6.0,TRAIN
IB4001,175.5,199.5,Speaker_0,24.0,TRAIN
IB4001,199.5,205.5,Speaker_2,6.0,TRAIN
IB4001,205.5,214.5,Speaker_0,9.0,TRAIN
IB4001,216.0,228.0,Speaker_1,12.0,TRAIN
IB4001,229.5,274.5,Speaker_0,45.0,TRAIN
IB4001,274.5,280.5,Speaker_2,6.0,TRAIN
IB4001,280.5,304.5,Speaker_0,24.0,TRAIN
IB4001,304.5,324.0,Speaker_2,19.5,TRAIN
IB4001,324.0,363.0,Speaker_0,39.0,TRAIN
IB4001,366.0,378.0,Speaker_1,12.0,TRAIN
IB4001,378.0,384.0,Speaker_2,6.0,TRAIN
IB4001,384.0,406.5,Speaker_1,22.5,TRAIN
IB4001,408.0,420.0,Speaker_2,12.0,TRAIN
IB4001,421.5,430.5,Speaker_1,9.0,TRAIN
IB4001,430.5,445.5,Speaker_0,15.0,TRAIN
IB4001,445.5,484.5,Speaker_1,39.0,TRAIN
IB4001,484.5,490.5,Speaker_2,6.0,TRAIN
IB4001,490.5,499.5,Speaker_0,9.0,TRAIN
IB4001,499.5,513.0,Speaker_2,13.5,TRAIN
IB4001,516.0,528.0,Speaker_1,12.0,TRAIN
IB4001,529.5,535.5,Speaker_2,6.0,TRAIN
IB4001,535.5,550.5,Speaker_1,15.0,TRAIN
IB4001,550.5,579.0,Speaker_0,28.5,TRAIN
IB4001,582.0,594.0,Speaker_1,12.0,TRAIN
IB4001,594.0,604.5,Speaker_0,10.5,TRAIN
IB4001,606.0,616.5,Speaker_1,10.5,TRAIN
IB4001,618.0,624.0,Speaker_2,6.0,TRAIN
IB4001,624.0,634.5,Speaker_0,10.5,TRAIN
IB4001,636.0,666.0,Speaker_1,30.0,TRAIN
IB4001,666.0,694.5,Speaker_0,28.5,TRAIN
IB4001,694.5,700.5,Speaker_2,6.0,TRAIN
IB4001,700.5,712.5,Speaker_0,12.0,TRAIN
IB4001,714.0,759.0,Speaker_1,45.0,TRAIN
IB4001,759.0,766.5,Speaker_0,7.5,TRAIN
IB4001,768.0,778.5,Speaker_1,10.5,TRAIN
IB4001,778.5,784.5,Speaker_0,6.0,TRAIN
IB4001,786.0,799.5,Speaker_1,13.5,TRAIN
IB4001,801.0,838.5,Speaker_0,37.5,TRAIN
IB4001,838.5,859.5,Speaker_1,21.0,TRAIN
IB4001,859.5,873.0,Speaker_2,13.5,TRAIN
IB4001,876.0,916.5,Speaker_1,40.5,TRAIN
IB4001,918.0,924.0,Speaker_2,6.0,TRAIN
IB4001,924.0,933.0,Speaker_1,9.0,TRAIN
IB4001,933.0,943.5,Speaker_2,10.5,TRAIN
IB4001,946.5,955.5,Speaker_0,9.0,TRAIN
IB4001,955.5,981.0,Speaker_1,25.5,TRAIN
IB4001,981.0,1009.5,Speaker_0,28.5,TRAIN
IB4001,1009.5,1015.5,Speaker_2,6.0,TRAIN
IB4001,1015.5,1030.5,Speaker_1,15.0,TRAIN
IB4001,1030.5,1039.5,Speaker_0,9.0,TRAIN
IB4001,1039.5,1060.5,Speaker_2,21.0,TRAIN
IB4001,1060.5,1066.5,Speaker_1,6.0,TRAIN
IB4001,1069.5,1075.5,Speaker_2,6.0,TRAIN
IB4001,1075.5,1084.5,Speaker_0,9.0,TRAIN
IB4001,1084.5,1090.5,Speaker_2,6.0,TRAIN
IB4001,1090.5,1099.5,Speaker_0,9.0,TRAIN
IB4001,1099.5,1105.5,Speaker_2,6.0,TRAIN
IB4001,1105.5,1132.5,Speaker_0,27.0,TRAIN
IB4001,1132.5,1189.5,Speaker_1,57.0,TRAIN
IB4001,1189.5,1195.5,Speaker_2,6.0,TRAIN
IB4001,1195.5,1201.5,Speaker_1,6.0,TRAIN
IB4001,1203.0,1210.5,Speaker_2,7.5,TRAIN
IB4001,1212.0,1219.5,Speaker_1,7.5,TRAIN
IB4001,1219.5,1225.5,Speaker_2,6.0,TRAIN
IB4001,1227.0,1269.0,Speaker_1,42.0,TRAIN
IB4001,1269.0,1285.5,Speaker_0,16.5,TRAIN
IB4001,1285.5,1294.5,Speaker_1,9.0,TRAIN
IB4001,1294.5,1311.0,Speaker_2,16.5,TRAIN
IB4001,1311.0,1318.5,Speaker_1,7.5,TRAIN
IB4001,1318.5,1329.0,Speaker_0,10.5,TRAIN
IB4001,1329.0,1395.0,Speaker_1,66.0,TRAIN
IB4001,1395.0,1404.0,Speaker_0,9.0,TRAIN
IB4001,1407.0,1420.5,Speaker_1,13.5,TRAIN
IB4001,1420.5,1464.0,Speaker_0,43.5,TRAIN
IB4001,1464.0,1491.0,Speaker_1,27.0,TRAIN
IB4001,1494.0,1509.0,Speaker_0,15.0,TRAIN
IB4001,1509.0,1533.0,Speaker_1,24.0,TRAIN
IB4001,1533.0,1555.5,Speaker_2,22.5,TRAIN
IB4001,1555.5,1579.5,Speaker_0,24.0,TRAIN
IB4001,1579.5,1585.5,Speaker_2,6.0,TRAIN
IB4001,1585.5,1594.5,Speaker_0,9.0,TRAIN
IB4001,1596.0,1605.0,Speaker_1,9.0,TRAIN
IB4001,1606.5,1627.5,Speaker_0,21.0,TRAIN
IB4001,1627.5,1633.5,Speaker_1,6.0,TRAIN
IB4001,1633.5,1639.5,Speaker_0,6.0,TRAIN
IB4001,1641.0,1647.0,Speaker_1,6.0,TRAIN
IB4001,1647.0,1654.5,Speaker_0,7.5,TRAIN
IB4001,1654.5,1678.5,Speaker_2,24.0,TRAIN
IB4001,1678.5,1690.5,Speaker_1,12.0,TRAIN
IB4001,1690.5,1699.5,Speaker_0,9.0,TRAIN
IB4001,1699.5,1719.0,Speaker_2,19.5,TRAIN
IB4001,1719.0,1728.0,Speaker_1,9.0,TRAIN
IB4001,1728.0,1735.5,Speaker_2,7.5,TRAIN
IB4001,1735.5,1747.5,Speaker_0,12.0,TRAIN
IB4001,1747.5,1759.5,Speaker_1,12.0,TRAIN
IB4001,1759.5,1765.5,Speaker_2,6.0,TRAIN
IB4001,1765.5,1773.0,Speaker_1,7.5,TRAIN
IN1001,0.0,6.0,Speaker_0,6.0,VAL
IN1001,6.0,16.5,Speaker_2,10.5,VAL
IN1001,16.5,37.5,Speaker_0,21.0,VAL
IN1001,37.5,45.0,Speaker_2,7.5,VAL
IN1001,45.0,88.5,Speaker_0,43.5,VAL
IN1001,88.5,285.0,Speaker_2,196.5,VAL
IN1001,285.0,306.0,Speaker_0,21.0,VAL
IN1001,306.0,1350.0,Speaker_2,1044.0,VAL
IN1001,1350.0,1356.0,Speaker_0,6.0,VAL
IN1001,1356.0,1620.0,Speaker_2,264.0,VAL
IN1001,1620.0,1633.5,Speaker_0,13.5,VAL
IN1001,1633.5,1650.0,Speaker_2,16.5,VAL
IN1001,1650.0,1672.5,Speaker_0,22.5,VAL
IN1001,1672.5,1843.5,Speaker_2,171.0,VAL
IN1001,1845.0,1851.0,Speaker_0,6.0,VAL
IN1001,1851.0,3420.0,Speaker_2,1569.0,VAL
IN1001,3420.0,3445.5,Speaker_0,25.5,VAL
IN1001,3445.5,3453.0,Speaker_1,7.5,VAL
IS1000a,1.5,9.0,Speaker_1,7.5,TEST
IS1000a,9.0,18.0,Speaker_0,9.0,TEST
IS1000a,18.0,24.0,Speaker_1,6.0,TEST
IS1000a,24.0,33.0,Speaker_0,9.0,TEST
IS1000a,33.0,82.5,Speaker_1,49.5,TEST
IS1000a,82.5,93.0,Speaker_3,10.5,TEST
IS1000a,93.0,114.0,Speaker_1,21.0,TEST
IS1000a,114.0,123.0,Speaker_0,9.0,TEST
IS1000a,123.0,157.5,Speaker_1,34.5,TEST
IS1000a,162.0,168.0,Speaker_0,6.0,TEST
IS1000a,168.0,174.0,Speaker_1,6.0,TEST
IS1000a,174.0,183.0,Speaker_0,9.0,TEST
IS1000a,183.0,217.5,Speaker_1,34.5,TEST
IS1000a,217.5,228.0,Speaker_3,10.5,TEST
IS1000a,228.0,234.0,Speaker_1,6.0,TEST
IS1000a,234.0,243.0,Speaker_0,9.0,TEST
IS1000a,243.0,249.0,Speaker_1,6.0,TEST
IS1000a,249.0,258.0,Speaker_0,9.0,TEST
IS1000a,258.0,264.0,Speaker_1,6.0,TEST
IS1000a,267.0,273.0,Speaker_0,6.0,TEST
IS1000a,273.0,279.0,Speaker_1,6.0,TEST
IS1000a,279.0,288.0,Speaker_0,9.0,TEST
IS1000a,288.0,294.0,Speaker_1,6.0,TEST
IS1000a,294.0,303.0,Speaker_0,9.0,TEST
IS1000a,303.0,309.0,Speaker_1,6.0,TEST
IS1000a,309.0,318.0,Speaker_0,9.0,TEST
IS1000a,318.0,324.0,Speaker_1,6.0,TEST
IS1000a,324.0,333.0,Speaker_0,9.0,TEST
IS1000a,333.0,339.0,Speaker_1,6.0,TEST
IS1000a,339.0,348.0,Speaker_0,9.0,TEST
IS1000a,348.0,354.0,Speaker_1,6.0,TEST
IS1000a,354.0,363.0,Speaker_0,9.0,TEST
IS1000a,363.0,369.0,Speaker_1,6.0,TEST
IS1000a,369.0,378.0,Speaker_0,9.0,TEST
IS1000a,378.0,384.0,Speaker_1,6.0,TEST
IS1000a,384.0,393.0,Speaker_0,9.0,TEST
IS1000a,393.0,399.0,Speaker_1,6.0,TEST
IS1000a,399.0,408.0,Speaker_0,9.0,TEST
IS1000a,408.0,414.0,Speaker_1,6.0,TEST
IS1000a,414.0,423.0,Speaker_0,9.0,TEST
IS1000a,423.0,429.0,Speaker_1,6.0,TEST
IS1000a,429.0,438.0,Speaker_0,9.0,TEST
IS1000a,438.0,444.0,Speaker_1,6.0,TEST
IS1000a,444.0,453.0,Speaker_0,9.0,TEST
IS1000a,453.0,459.0,Speaker_1,6.0,TEST
IS1000a,459.0,468.0,Speaker_0,9.0,TEST
IS1000a,468.0,474.0,Speaker_1,6.0,TEST
IS1000a,474.0,483.0,Speaker_0,9.0,TEST
IS1000a,483.0,489.0,Speaker_1,6.0,TEST
IS1000a,489.0,498.0,Speaker_0,9.0,TEST
IS1000a,498.0,504.0,Speaker_1,6.0,TEST
IS1000a,504.0,513.0,Speaker_0,9.0,TEST
IS1000a,513.0,549.0,Speaker_1,36.0,TEST
IS1000a,549.0,558.0,Speaker_0,9.0,TEST
IS1000a,558.0,579.0,Speaker_1,21.0,TEST
IS1000a,579.0,588.0,Speaker_0,9.0,TEST
IS1000a,588.0,622.5,Speaker_1,34.5,TEST
IS1000a,622.5,633.0,Speaker_3,10.5,TEST
IS1000a,633.0,639.0,Speaker_1,6.0,TEST
IS1000a,639.0,663.0,Speaker_3,24.0,TEST
IS1000a,663.0,699.0,Speaker_1,36.0,TEST
IS1000a,699.0,708.0,Speaker_0,9.0,TEST
IS1000a,708.0,714.0,Speaker_1,6.0,TEST
IS1000a,714.0,738.0,Speaker_0,24.0,TEST
IS1000a,738.0,759.0,Speaker_1,21.0,TEST
IS1000a,759.0,768.0,Speaker_0,9.0,TEST
IS1000a,768.0,774.0,Speaker_1,6.0,TEST
IS1000a,774.0,783.0,Speaker_0,9.0,TEST
IS1000a,783.0,789.0,Speaker_1,6.0,TEST
IS1000a,789.0,798.0,Speaker_0,9.0,TEST
IS1000a,798.0,804.0,Speaker_1,6.0,TEST
IS1000a,804.0,813.0,Speaker_0,9.0,TEST
IS1000a,813.0,819.0,Speaker_1,6.0,TEST
IS1000a,819.0,832.5,Speaker_0,13.5,TEST
IS1000a,832.5,843.0,Speaker_3,10.5,TEST
IS1000a,843.0,864.0,Speaker_1,21.0,TEST
IS1000a,864.0,873.0,Speaker_0,9.0,TEST
IS1000a,873.0,879.0,Speaker_1,6.0,TEST
IS1000a,879.0,922.5,Speaker_0,43.5,TEST
IS1000a,922.5,930.0,Speaker_3,7.5,TEST
IS1000a,933.0,954.0,Speaker_1,21.0,TEST
IS1000a,954.0,961.5,Speaker_0,7.5,TEST
IS1000a,963.0,969.0,Speaker_1,6.0,TEST
IS1000a,969.0,976.5,Speaker_0,7.5,TEST
IS1000a,978.0,984.0,Speaker_1,6.0,TEST
IS1000a,984.0,993.0,Speaker_0,9.0,TEST
IS1000a,993.0,1014.0,Speaker_1,21.0,TEST
IS1000a,1017.0,1023.0,Speaker_0,6.0,TEST
IS1000a,1023.0,1059.0,Speaker_1,36.0,TEST
IS1000a,1059.0,1068.0,Speaker_0,9.0,TEST
IS1000a,1068.0,1074.0,Speaker_1,6.0,TEST
IS1000a,1074.0,1083.0,Speaker_0,9.0,TEST
IS1000a,1083.0,1089.0,Speaker_1,6.0,TEST
IS1000a,1089.0,1098.0,Speaker_0,9.0,TEST
IS1000a,1098.0,1104.0,Speaker_1,6.0,TEST
IS1000a,1104.0,1113.0,Speaker_0,9.0,TEST
IS1000a,1113.0,1119.0,Speaker_1,6.0,TEST
IS1000a,1119.0,1128.0,Speaker_0,9.0,TEST
IS1000a,1128.0,1149.0,Speaker_1,21.0,TEST
IS1000a,1152.0,1158.0,Speaker_0,6.0,TEST
IS1000a,1158.0,1164.0,Speaker_1,6.0,TEST
IS1000a,1164.0,1173.0,Speaker_0,9.0,TEST
IS1000a,1173.0,1179.0,Speaker_1,6.0,TEST
IS1000a,1179.0,1188.0,Speaker_0,9.0,TEST
IS1000a,1188.0,1194.0,Speaker_1,6.0,TEST
IS1000a,1194.0,1200.0,Speaker_0,6.0,TEST
IS1000a,1203.0,1209.0,Speaker_1,6.0,TEST
IS1000a,1209.0,1218.0,Speaker_0,9.0,TEST
IS1000a,1218.0,1224.0,Speaker_1,6.0,TEST
IS1000a,1224.0,1233.0,Speaker_0,9.0,TEST
IS1000a,1233.0,1239.0,Speaker_1,6.0,TEST
IS1000a,1239.0,1248.0,Speaker_0,9.0,TEST
IS1000a,1248.0,1254.0,Speaker_1,6.0,TEST
IS1000a,1254.0,1263.0,Speaker_0,9.0,TEST
IS1000a,1263.0,1269.0,Speaker_1,6.0,TEST
IS1000a,1269.0,1278.0,Speaker_0,9.0,TEST
IS1000a,1278.0,1284.0,Speaker_1,6.0,TEST
IS1000a,1284.0,1293.0,Speaker_0,9.0,TEST
IS1000a,1293.0,1299.0,Speaker_1,6.0,TEST
IS1000a,1299.0,1308.0,Speaker_0,9.0,TEST
IS1000a,1308.0,1314.0,Speaker_1,6.0,TEST
IS1000a,1314.0,1321.5,Speaker_0,7.5,TEST
IS1000a,1323.0,1329.0,Speaker_1,6.0,TEST
IS1000a,1329.0,1342.5,Speaker_3,13.5,TEST
IS1000a,1347.0,1353.0,Speaker_0,6.0,TEST
IS1000a,1353.0,1359.0,Speaker_1,6.0,TEST
IS1000a,1359.0,1372.5,Speaker_0,13.5,TEST
IS1000a,1372.5,1383.0,Speaker_3,10.5,TEST
IS1000a,1383.0,1389.0,Speaker_1,6.0,TEST
IS1000a,1389.0,1398.0,Speaker_0,9.0,TEST
IS1000a,1398.0,1404.0,Speaker_1,6.0,TEST
IS1000a,1404.0,1425.0,Speaker_0,21.0,TEST
IS1000a,1428.0,1434.0,Speaker_1,6.0,TEST
IS1000a,1434.0,1443.0,Speaker_0,9.0,TEST
IS1000a,1443.0,1449.0,Speaker_1,6.0,TEST
IS1000a,1449.0,1458.0,Speaker_0,9.0,TEST
IS1000a,1458.0,1464.0,Speaker_1,6.0,TEST
IS1000a,1464.0,1473.0,Speaker_0,9.0,TEST
IS1000a,1473.0,1479.0,Speaker_1,6.0,TEST
IS1000a,1479.0,1488.0,Speaker_0,9.0,TEST
IS1000a,1488.0,1494.0,Speaker_1,6.0,TEST
IS1000a,1494.0,1503.0,Speaker_0,9.0,TEST
IS1000a,1503.0,1509.0,Speaker_1,6.0,TEST
IS1000a,1509.0,1518.0,Speaker_0,9.0,TEST
IS1000a,1518.0,1524.0,Speaker_1,6.0,TEST
IS1000a,1524.0,1533.0,Speaker_0,9.0,TEST
IS1000a,1533.0,1569.0,Speaker_1,36.0,TEST
IS1000a,1572.0,1578.0,Speaker_0,6.0,TEST
TS3003a,1.5,9.0,Speaker_2,7.5,TEST
TS3003a,9.0,18.0,Speaker_0,9.0,TEST
TS3003a,18.0,24.0,Speaker_2,6.0,TEST
TS3003a,24.0,33.0,Speaker_0,9.0,TEST
TS3003a,33.0,39.0,Speaker_2,6.0,TEST
TS3003a,39.0,48.0,Speaker_1,9.0,TEST
TS3003a,48.0,69.0,Speaker_2,21.0,TEST
TS3003a,69.0,78.0,Speaker_1,9.0,TEST
TS3003a,78.0,84.0,Speaker_2,6.0,TEST
TS3003a,84.0,93.0,Speaker_1,9.0,TEST
TS3003a,93.0,114.0,Speaker_2,21.0,TEST
TS3003a,114.0,123.0,Speaker_1,9.0,TEST
TS3003a,123.0,129.0,Speaker_2,6.0,TEST
TS3003a,129.0,138.0,Speaker_1,9.0,TEST
TS3003a,138.0,144.0,Speaker_2,6.0,TEST
TS3003a,144.0,153.0,Speaker_1,9.0,TEST
TS3003a,153.0,159.0,Speaker_2,6.0,TEST
TS3003a,160.5,168.0,Speaker_1,7.5,TEST
TS3003a,168.0,174.0,Speaker_2,6.0,TEST
TS3003a,174.0,183.0,Speaker_1,9.0,TEST
TS3003a,183.0,189.0,Speaker_2,6.0,TEST
TS3003a,189.0,198.0,Speaker_1,9.0,TEST
TS3003a,198.0,204.0,Speaker_2,6.0,TEST
TS3003a,204.0,213.0,Speaker_1,9.0,TEST
TS3003a,213.0,219.0,Speaker_2,6.0,TEST
TS3003a,219.0,228.0,Speaker_1,9.0,TEST
TS3003a,228.0,234.0,Speaker_2,6.0,TEST
TS3003a,234.0,243.0,Speaker_1,9.0,TEST
TS3003a,243.0,249.0,Speaker_2,6.0,TEST
TS3003a,249.0,258.0,Speaker_1,9.0,TEST
TS3003a,258.0,264.0,Speaker_2,6.0,TEST
TS3003a,264.0,273.0,Speaker_1,9.0,TEST
TS3003a,273.0,294.0,Speaker_2,21.0,TEST
TS3003a,294.0,303.0,Speaker_1,9.0,TEST
TS3003a,303.0,309.0,Speaker_2,6.0,TEST
TS3003a,309.0,318.0,Speaker_1,9.0,TEST
TS3003a,318.0,324.0,Speaker_2,6.0,TEST
TS3003a,324.0,333.0,Speaker_1,9.0,TEST
TS3003a,333.0,339.0,Speaker_2,6.0,TEST
TS3003a,339.0,348.0,Speaker_1,9.0,TEST
TS3003a,348.0,354.0,Speaker_2,6.0,TEST
TS3003a,354.0,363.0,Speaker_1,9.0,TEST
TS3003a,363.0,369.0,Speaker_2,6.0,TEST
TS3003a,369.0,378.0,Speaker_1,9.0,TEST
TS3003a,378.0,384.0,Speaker_2,6.0,TEST
TS3003a,384.0,393.0,Speaker_1,9.0,TEST
TS3003a,393.0,399.0,Speaker_2,6.0,TEST
TS3003a,399.0,408.0,Speaker_1,9.0,TEST
TS3003a,408.0,414.0,Speaker_2,6.0,TEST
TS3003a,414.0,423.0,Speaker_1,9.0,TEST
TS3003a,423.0,429.0,Speaker_2,6.0,TEST
TS3003a,429.0,438.0,Speaker_1,9.0,TEST
TS3003a,438.0,444.0,Speaker_2,6.0,TEST
TS3003a,444.0,453.0,Speaker_1,9.0,TEST
TS3003a,453.0,459.0,Speaker_2,6.0,TEST
TS3003a,459.0,468.0,Speaker_1,9.0,TEST
TS3003a,468.0,474.0,Speaker_2,6.0,TEST
TS3003a,474.0,483.0,Speaker_1,9.0,TEST
TS3003a,483.0,489.0,Speaker_2,6.0,TEST
TS3003a,489.0,498.0,Speaker_1,9.0,TEST
TS3003a,498.0,504.0,Speaker_2,6.0,TEST
TS3003a,504.0,513.0,Speaker_1,9.0,TEST
TS3003a,513.0,519.0,Speaker_2,6.0,TEST
TS3003a,519.0,528.0,Speaker_1,9.0,TEST
TS3003a,528.0,549.0,Speaker_2,21.0,TEST
TS3003a,549.0,558.0,Speaker_0,9.0,TEST
TS3003a,558.0,564.0,Speaker_2,6.0,TEST
TS3003a,564.0,573.0,Speaker_0,9.0,TEST
TS3003a,573.0,579.0,Speaker_2,6.0,TEST
TS3003a,579.0,586.5,Speaker_1,7.5,TEST
TS3003a,588.0,594.0,Speaker_2,6.0,TEST
TS3003a,594.0,603.0,Speaker_1,9.0,TEST
TS3003a,603.0,639.0,Speaker_2,36.0,TEST
TS3003a,639.0,648.0,Speaker_1,9.0,TEST
TS3003a,648.0,654.0,Speaker_2,6.0,TEST
TS3003a,654.0,663.0,Speaker_1,9.0,TEST
TS3003a,663.0,669.0,Speaker_2,6.0,TEST
TS3003a,669.0,678.0,Speaker_0,9.0,TEST
TS3003a,678.0,684.0,Speaker_2,6.0,TEST
TS3003a,685.5,693.0,Speaker_1,7.5,TEST
TS3003a,693.0,699.0,Speaker_2,6.0,TEST
TS3003a,699.0,708.0,Speaker_1,9.0,TEST
TS3003a,708.0,714.0,Speaker_2,6.0,TEST
TS3003a,714.0,723.0,Speaker_0,9.0,TEST
TS3003a,723.0,744.0,Speaker_2,21.0,TEST
TS3003a,744.0,753.0,Speaker_1,9.0,TEST
TS3003a,753.0,759.0,Speaker_2,6.0,TEST
TS3003a,759.0,768.0,Speaker_0,9.0,TEST
TS3003a,768.0,774.0,Speaker_2,6.0,TEST
TS3003a,774.0,783.0,Speaker_0,9.0,TEST
TS3003a,783.0,789.0,Speaker_2,6.0,TEST
TS3003a,789.0,798.0,Speaker_0,9.0,TEST
TS3003a,798.0,804.0,Speaker_2,6.0,TEST
TS3003a,804.0,813.0,Speaker_0,9.0,TEST
TS3003a,813.0,834.0,Speaker_2,21.0,TEST
TS3003a,834.0,843.0,Speaker_1,9.0,TEST
TS3003a,843.0,849.0,Speaker_2,6.0,TEST
TS3003a,849.0,858.0,Speaker_0,9.0,TEST
TS3003a,858.0,864.0,Speaker_2,6.0,TEST
TS3003a,864.0,873.0,Speaker_0,9.0,TEST
TS3003a,873.0,879.0,Speaker_2,6.0,TEST
TS3003a,879.0,888.0,Speaker_1,9.0,TEST
TS3003a,888.0,909.0,Speaker_2,21.0,TEST
TS3003a,909.0,918.0,Speaker_0,9.0,TEST
TS3003a,918.0,924.0,Speaker_2,6.0,TEST
TS3003a,924.0,933.0,Speaker_0,9.0,TEST
TS3003a,933.0,939.0,Speaker_2,6.0,TEST
TS3003a,939.0,948.0,Speaker_0,9.0,TEST
TS3003a,948.0,954.0,Speaker_2,6.0,TEST
TS3003a,954.0,963.0,Speaker_0,9.0,TEST
TS3003a,963.0,999.0,Speaker_2,36.0,TEST
TS3003a,999.0,1008.0,Speaker_0,9.0,TEST
TS3003a,1008.0,1014.0,Speaker_2,6.0,TEST
TS3003a,1014.0,1023.0,Speaker_1,9.0,TEST
TS3003a,1023.0,1029.0,Speaker_2,6.0,TEST
TS3003a,1029.0,1038.0,Speaker_0,9.0,TEST
TS3003a,1038.0,1044.0,Speaker_2,6.0,TEST
TS3003a,1044.0,1053.0,Speaker_1,9.0,TEST
TS3003a,1053.0,1059.0,Speaker_2,6.0,TEST
TS3003a,1059.0,1068.0,Speaker_1,9.0,TEST
TS3003a,1068.0,1074.0,Speaker_2,6.0,TEST
TS3003a,1074.0,1083.0,Speaker_0,9.0,TEST
TS3003a,1083.0,1089.0,Speaker_2,6.0,TEST
TS3003a,1089.0,1098.0,Speaker_1,9.0,TEST
TS3003a,1098.0,1104.0,Speaker_2,6.0,TEST
TS3003a,1104.0,1113.0,Speaker_1,9.0,TEST
TS3003a,1113.0,1119.0,Speaker_2,6.0,TEST
TS3003a,1119.0,1128.0,Speaker_1,9.0,TEST
TS3003a,1128.0,1134.0,Speaker_2,6.0,TEST
TS3003a,1134.0,1143.0,Speaker_1,9.0,TEST
TS3003a,1143.0,1149.0,Speaker_2,6.0,TEST
TS3003a,1149.0,1158.0,Speaker_1,9.0,TEST
TS3003a,1158.0,1164.0,Speaker_2,6.0,TEST
TS3003a,1164.0,1173.0,Speaker_1,9.0,TEST
TS3003a,1173.0,1179.0,Speaker_2,6.0,TEST
TS3003a,1179.0,1188.0,Speaker_1,9.0,TEST
TS3003a,1188.0,1194.0,Speaker_2,6.0,TEST
TS3003a,1194.0,1203.0,Speaker_1,9.0,TEST
TS3003a,1203.0,1209.0,Speaker_2,6.0,TEST
TS3003a,1209.0,1218.0,Speaker_1,9.0,TEST
TS3003a,1218.0,1224.0,Speaker_2,6.0,TEST
TS3003a,1224.0,1233.0,Speaker_1,9.0,TEST
TS3003a,1233.0,1254.0,Speaker_2,21.0,TEST
TS3003a,1254.0,1263.0,Speaker_1,9.0,TEST
TS3003a,1263.0,1269.0,Speaker_2,6.0,TEST
TS3003a,1269.0,1278.0,Speaker_1,9.0,TEST
TS3003a,1278.0,1284.0,Speaker_2,6.0,TEST
TS3003a,1284.0,1293.0,Speaker_1,9.0,TEST
TS3003a,1293.0,1299.0,Speaker_2,6.0,TEST
TS3003a,1299.0,1308.0,Speaker_1,9.0,TEST
TS3003a,1308.0,1314.0,Speaker_2,6.0,TEST
TS3003a,1314.0,1323.0,Speaker_1,9.0,TEST
TS3003a,1323.0,1329.0,Speaker_2,6.0,TEST
TS3003a,1329.0,1338.0,Speaker_1,9.0,TEST
TS3003a,1338.0,1344.0,Speaker_2,6.0,TEST
TS3003a,1344.0,1353.0,Speaker_1,9.0,TEST
TS3003a,1353.0,1359.0,Speaker_2,6.0,TEST
TS3003a,1359.0,1368.0,Speaker_1,9.0,TEST
TS3003a,1368.0,1374.0,Speaker_2,6.0,TEST
TS3003a,1374.0,1383.0,Speaker_1,9.0,TEST
TS3003a,1383.0,1389.0,Speaker_2,6.0,TEST
TS3003a,1389.0,1398.0,Speaker_1,9.0,TEST
TS3003a,1398.0,1404.0,Speaker_2,6.0,TEST
TS3003a,1404.0,1413.0,Speaker_1,9.0,TEST
TS3003a,1413.0,1419.0,Speaker_2,6.0,TEST
TS3003a,1419.0,1428.0,Speaker_1,9.0,TEST
TS3003a,1428.0,1449.0,Speaker_2,21.0,TEST
TS3003a,1449.0,1458.0,Speaker_1,9.0,TEST
TS3003a,1458.0,1479.0,Speaker_2,21.0,TEST
TS3003a,1479.0,1488.0,Speaker_0,9.0,TEST
TS3003a,1488.0,1494.0,Speaker_2,6.0,TEST
TS3003a,1494.0,1503.0,Speaker_0,9.0,TEST
